CREATE DATABASE ql_diemhocsinh CHARACTER SET utf8 COLLATE utf8_unicode_ci;

CREATE TABLE hocsinh
(
    mahs INT(10),
    hotendem VARCHAR(255),
    ten VARCHAR(255),
    malop VARCHAR(10),
    gioitinh VARCHAR(3),
    nam INT(4),
    ngaysinh DATE,
    diachi VARCHAR(255),
    CONSTRAINT hocsinh_PK PRIMARY KEY (mahs),
    CONSTRAINT check_gioitinh CHECK (gioitinh = 'Nam' OR gioitinh = 'Nữ'),
    CONSTRAINT check_nam CHECK (nam > 2012),
    CONSTRAINT check_ngaysinh CHECK (ngaysinh > '2000-1-1')
);
CREATE TABLE lop
(
    magv INT(9),
    makhoi VARCHAR(2) NOT NULL,
    malop VARCHAR(10) NOT NULL,
    manm VARCHAR(2),
    CONSTRAINT PK_lop PRIMARY KEY (malop)
);
CREATE TABLE bangdiem
(
    mamh VARCHAR(3),
    mahs INT(10),
    mahk INT(1),
    magv INT(9),
    namhoc INT(4),
    diemmieng float(3,1),
    diem15p float(3,1),
    diem1tiet float(3,1),
    diemhk float(3,1),
    diemtb float(3,1),
    CONSTRAINT check_namhoc CHECK (namhoc > 2017),
    CONSTRAINT check_diem15p CHECK (diem15p BETWEEN 0 AND 10),
    CONSTRAINT check_diemmieng CHECK (diemmieng BETWEEN 0 AND 10),
    CONSTRAINT check_diem1tiet CHECK (diem1tiet BETWEEN 0 AND 10),
    CONSTRAINT check_diemhk CHECK (diemhk BETWEEN 0 AND 10),
    CONSTRAINT check_diemtb CHECK (diemtb BETWEEN 0 AND 10)
);
CREATE TABLE monhoc
(
    mamh VARCHAR(3),
    tenmh VARCHAR(255),
    manm VARCHAR(2),
    PRIMARY KEY(mamh)
);
CREATE TABLE nhommon
(
    manm VARCHAR(1),
    tennm VARCHAR(255),
    PRIMARY KEY(manm)
);

CREATE TABLE giaovien
(
    magv INT(9),
    hotendemgv VARCHAR(255),
    tengv VARCHAR(255),
    mamh VARCHAR(3),
    namgv INT,
    gioitinh VARCHAR(3),
    ngaysinh DATE,
    diachi VARCHAR(255),
    PRIMARY KEY(magv),
    CONSTRAINT check_gioitinh CHECK (gioitinh = 'Nam' OR gioitinh = 'Nữ'),
    CONSTRAINT check_nam CHECK (namgv > 2010),
    CONSTRAINT check_ngaysinh CHECK (ngaysinh > '1970-1-1')
);
CREATE TABLE taikhoan
(
    tentk VARCHAR(10),
    matkhau VARCHAR(255),
    magv INT(9),
    mahs INT(9),
    quyen VARCHAR(5),
    CONSTRAINT check_quyen CHECK (quyen = 'gv' OR quyen = 'hs' OR quyen = 'admin')
);
CREATE TABLE tongket
(
    mahs INT(10),
    mahk INT(1),
    diemtk float(3,1),
    xeploai VARCHAR(30),
    namhoc INT(4),
    CONSTRAINT check_namhoc CHECK (namhoc > 2017),
    CONSTRAINT check_diemtk CHECK (diemtk BETWEEN 0 AND 10),
    CONSTRAINT check_xeploai CHECK (xeploai = 'Giỏi' OR xeploai = 'Khá' OR xeploai = 'Trung Bình' OR xeploai = 'Chưa xếp loại')
);
CREATE TABLE monphutrach
(
    magv INT(9),
    malop VARCHAR(10),
    mamh VARCHAR(3)
);

ALTER TABLE `lop`
ADD CONSTRAINT `FK_lop_giaovien`
FOREIGN KEY (magv) REFERENCES giaovien(magv);

ALTER TABLE `hocsinh`
ADD CONSTRAINT `FK_hocsinh_lop`
FOREIGN KEY (malop) REFERENCES lop(malop);

ALTER TABLE `tongket`
ADD CONSTRAINT `FK_tongket_hocsinh_mahs`
FOREIGN KEY (mahs) REFERENCES hocsinh(mahs);

ALTER TABLE `bangdiem`
ADD CONSTRAINT `FK_bangdiem_hocsinh`
FOREIGN KEY (mahs) REFERENCES hocsinh(mahs);

ALTER TABLE `bangdiem`
ADD CONSTRAINT `FK_bangdiem_giaovien`
FOREIGN KEY (magv) REFERENCES giaovien(magv);

ALTER TABLE `bangdiem`
ADD CONSTRAINT `FK_bangdiem_monhoc`
FOREIGN KEY (mamh) REFERENCES monhoc(mamh);

ALTER TABLE `lop`
ADD CONSTRAINT `FK_lop_nhommon`
FOREIGN KEY (manm) REFERENCES nhommon(manm);

ALTER TABLE `taikhoan`
ADD CONSTRAINT `FK_taikhoan_giaovien`
FOREIGN KEY (magv) REFERENCES giaovien(magv);


ALTER TABLE `taikhoan`
ADD CONSTRAINT `FK_taikhoan_hocsinh`
FOREIGN KEY (mahs) REFERENCES hocsinh(mahs);


ALTER TABLE `monphutrach`
ADD CONSTRAINT `FK_monphutrach_giaovien`
FOREIGN KEY (magv) REFERENCES giaovien(magv);

ALTER TABLE `monphutrach`
ADD CONSTRAINT `FK_monphutrach_lop`
FOREIGN KEY (malop) REFERENCES lop(malop);

ALTER TABLE `monphutrach`
ADD CONSTRAINT `FK_monphutrach_monhoc`
FOREIGN KEY (mamh) REFERENCES monhoc(mamh);

INSERT INTO `taikhoan` (`tentk`, `matkhau`, `magv`, `mahs`, `quyen`) VALUES
('admin', 'c81e728d9d4c2f636f067f89cc14862c', NULL, NULL, 'admin');

INSERT INTO `nhommon` (`manm`, `tennm`) VALUES
('A','Tự nhiên'),
('T','Tự chọn'),
('D','Xã hội');

INSERT INTO `monhoc` (`mamh`, `tenmh`,`manm`) VALUES
('AV', 'Anh văn','T'),
('DL', 'Địa lí','D'),
('GD', 'Giáo dục công dân','D'),
('HH', 'Hóa học','A'),
('LS', 'Lịch sử','D'),
('NV', 'Ngữ văn','D'),
('SH', 'Sinh học','A'),
('TH', 'Tin học','T'),
('TO', 'Toán','A'),
('VL', 'Vật lí','A');

INSERT INTO `giaovien` (`magv`, `hotendemgv`, `tengv`, `mamh`, `namgv`, `gioitinh`, `ngaysinh`, `diachi`) VALUES
(412013001, 'Trương Phúc', 'Hậu', 'VL', 2013, 'Nam', '1990-06-07', 'Phú Yên'),
(412013002, 'Vương Lạc', 'Huy', 'SH', 2013, 'Nam', '1991-05-23', 'Phú Yên'),
(412013003, 'Lê Văn', 'Bình', 'HH', 2013, 'Nam', '1993-06-28', 'Hà Giang'),
(412014001, 'Nguyễn Văn', 'Hậu', 'VL', 2014, 'Nam', '1990-06-05', 'Lâm Đồng'),
(412014002, 'Hà Lê Thúy', 'Quỳnh', 'TO', 2014, 'Nữ', '1998-12-20', 'Phú Yên'),
(412014003, 'Hoàng Xuân', 'Vinh', 'TO', 2014, 'Nam', '1993-01-29', 'Khánh Hòa'),
(412016001, 'Hồ Quỳnh', 'Hương', 'SH', 2016, 'Nữ', '1992-03-19', 'Khánh Hòa'),
(412016002, 'Phạm Thu', 'Huyền', 'HH', 2016, 'Nữ', '1994-08-19', 'Khánh Hòa'),
(412016003, 'Huỳnh Phát', 'Đạt', 'VL', 2016, 'Nam', '1992-12-19', 'Bình Định'),
(412016004, 'Phạm Thái', 'Linh', 'SH', 2016, 'Nam', '1992-05-14', 'Phú Yên'),
(412017001, 'Hà Quốc', 'Cường', 'TO', 2017, 'Nam', '1994-12-05', 'Khánh Hòa'),
(412018001, 'Trần Thanh', 'Hùng', 'HH', 2018, 'Nam', '1994-05-06', 'Phú Yên'),
(442013001, 'Huỳnh Kim ', 'Yên', 'NV', 2013, 'Nữ', '1992-09-17', 'Gia Lai'),
(442014001, 'Phạm Phước', 'Lộc', 'NV', 2014, 'Nam', '1990-02-01', 'Phú Yên'),
(442014002, 'Huỳnh Thanh', 'Tuấn', 'LS', 2014, 'Nam', '1994-11-12', 'Lâm Đồng'),
(442015001, 'Lâm Đình', 'Khoa', 'GD', 2015, 'Nam', '1995-03-18', 'Lâm Đồng'),
(442016001, 'Nguyễn Đỗ Thanh', 'Trà', 'DL', 2016, 'Nữ', '1993-06-17', 'Phú Yên'),
(442016002, 'Lê Kim', 'Oanh', 'DL', 2016, 'Nữ', '1996-01-12', 'Bình Định'),
(442017001, 'Trần Phi', 'Kim', 'LS', 2017, 'Nam', '1993-11-12', 'Gia Lai'),
(442017002, 'Phạm Thị', 'Hồng', 'GD', 2017, 'Nữ', '1995-12-08', 'Bình Định'),
(542015001, 'Lê Thu', 'Hương', 'AV', 2015, 'Nam', '1997-12-08', 'Đồng Nai'),
(542015002, 'Nguyễn Quốc', 'Kiên', 'TH', 2015, 'Nam', '1996-01-13', 'Đà Nẵng'),
(542015003, 'Lê Mỹ', 'Linh', 'AV', 2015, 'Nữ', '1994-02-19', 'Phú Yên'),
(542016001, 'Hồ Trung', 'Dũng', 'TH', 2016, 'Nam', '1998-12-01', 'Bình Định'),
(542017001, 'Lê Minh', 'Đức', 'AV', 2017, 'Nam', '1993-06-23', 'Phú Yên');


INSERT INTO `taikhoan` (`tentk`, `matkhau`, `magv`, `mahs`, `quyen`) VALUES
('412014001', 'c81e728d9d4c2f636f067f89cc14862c', 412014001, NULL, 'gv'),
('412014002', 'c81e728d9d4c2f636f067f89cc14862c', 412014002, NULL, 'gv'),
('412016001', 'c81e728d9d4c2f636f067f89cc14862c', 412016001, NULL, 'gv'),
('412018001', 'c81e728d9d4c2f636f067f89cc14862c', 412018001, NULL, 'gv'),
('442014001', 'c81e728d9d4c2f636f067f89cc14862c', 442014001, NULL, 'gv'),
('442016001', 'c81e728d9d4c2f636f067f89cc14862c', 442016001, NULL, 'gv'),
('442017001', 'c81e728d9d4c2f636f067f89cc14862c', 442017001, NULL, 'gv'),
('442017002', 'c81e728d9d4c2f636f067f89cc14862c', 442017002, NULL, 'gv'),
('542015001', 'c81e728d9d4c2f636f067f89cc14862c', 542015001, NULL, 'gv'),
('542016001', 'c81e728d9d4c2f636f067f89cc14862c', 542016001, NULL, 'gv'),
('412013001', 'c81e728d9d4c2f636f067f89cc14862c', 412013001, NULL, 'gv'),
('442015001', 'c81e728d9d4c2f636f067f89cc14862c', 442015001, NULL, 'gv'),
('412017001', 'c81e728d9d4c2f636f067f89cc14862c', 412017001, NULL, 'gv'),
('442016002', 'c81e728d9d4c2f636f067f89cc14862c', 442016002, NULL, 'gv'),
('442013001', 'c81e728d9d4c2f636f067f89cc14862c', 442013001, NULL, 'gv'),
('542015002', 'c81e728d9d4c2f636f067f89cc14862c', 542015002, NULL, 'gv'),
('442014002', 'c81e728d9d4c2f636f067f89cc14862c', 442014002, NULL, 'gv'),
('542017001', 'c81e728d9d4c2f636f067f89cc14862c', 542017001, NULL, 'gv'),
('412016002', 'c81e728d9d4c2f636f067f89cc14862c', 412016002, NULL, 'gv'),
('412013002', 'c81e728d9d4c2f636f067f89cc14862c', 412013002, NULL, 'gv'),
('542015003', 'c81e728d9d4c2f636f067f89cc14862c', 542015003, NULL, 'gv'),
('412014003', 'c81e728d9d4c2f636f067f89cc14862c', 412014003, NULL, 'gv'),
('412016003', 'c81e728d9d4c2f636f067f89cc14862c', 412016003, NULL, 'gv'),
('412013003', 'c81e728d9d4c2f636f067f89cc14862c', 412013003, NULL, 'gv'),
('412016004', 'c81e728d9d4c2f636f067f89cc14862c', 412016004, NULL, 'gv');

INSERT INTO `lop` (`magv`, `makhoi`, `malop`, `manm`) VALUES
(412013002, '10', '10a1', 'A'),
(412016004, '10', '10a2', 'A'),
(412016001, '11', '11a1', 'A'),
(412014002, '11', '11a2', 'A'),
(442016001, '11', '11d1', 'D'),
(542016001, '12', '12a1', 'A'),
(412016002, '12', '12a2', 'A'),
(442014001, '12', '12d1', 'D');



INSERT INTO `monphutrach` (`magv`, `malop`, `mamh`) VALUES
(542015001, '12a1', 'AV'),
(442016002, '12a1', 'DL'),
(442015001, '12a1', 'GD'),
(412013003, '12a1', 'HH'),
(442014002, '12a1', 'LS'),
(442014001, '12a1', 'NV'),
(412016001, '12a1', 'SH'),
(542016001, '12a1', 'TH'),
(412014003, '12a1', 'TO'),
(412016003, '12a1', 'VL'),
(542017001, '12a2', 'AV'),
(442016001, '12a2', 'DL'),
(442017002, '12a2', 'GD'),
(412016002, '12a2', 'HH'),
(442017001, '12a2', 'LS'),
(442013001, '12a2', 'NV'),
(412013002, '12a2', 'SH'),
(542015002, '12a2', 'TH'),
(412017001, '12a2', 'TO'),
(412014001, '12a2', 'VL'),
(542015001, '11a1', 'AV'),
(442016002, '11a1', 'DL'),
(442015001, '11a1', 'GD'),
(412018001, '11a1', 'HH'),
(442017001, '11a1', 'LS'),
(442014001, '11a1', 'NV'),
(412016001, '11a1', 'SH'),
(542016001, '11a1', 'TH'),
(412014003, '11a1', 'TO'),
(412013001, '11a1', 'VL'),
(542017001, '11a2', 'AV'),
(442016002, '11a2', 'DL'),
(442017002, '11a2', 'GD'),
(412018001, '11a2', 'HH'),
(442014002, '11a2', 'LS'),
(442013001, '11a2', 'NV'),
(412016001, '11a2', 'SH'),
(542015002, '11a2', 'TH'),
(412014002, '11a2', 'TO'),
(412016003, '11a2', 'VL'),
(542015001, '10a1', 'AV'),
(442016001, '10a1', 'DL'),
(442015001, '10a1', 'GD'),
(412016002, '10a1', 'HH'),
(442014002, '10a1', 'LS'),
(442014001, '10a1', 'NV'),
(412013002, '10a1', 'SH'),
(542016001, '10a1', 'TH'),
(412017001, '10a1', 'TO'),
(412014001, '10a1', 'VL'),
(542015001, '10a2', 'AV'),
(442016001, '10a2', 'DL'),
(442017002, '10a2', 'GD'),
(412013003, '10a2', 'HH'),
(442017001, '10a2', 'LS'),
(442013001, '10a2', 'NV'),
(412016004, '10a2', 'SH'),
(542016001, '10a2', 'TH'),
(412014002, '10a2', 'TO'),
(412013001, '10a2', 'VL'),
(542015003, '12d1', 'AV'),
(442016001, '12d1', 'DL'),
(442015001, '12d1', 'GD'),
(412013003, '12d1', 'HH'),
(442017001, '12d1', 'LS'),
(442014001, '12d1', 'NV'),
(412016001, '12d1', 'SH'),
(542015002, '12d1', 'TH'),
(412014003, '12d1', 'TO'),
(412014001, '12d1', 'VL'),
(542015001, '11d1', 'AV'),
(442016001, '11d1', 'DL'),
(442015001, '11d1', 'GD'),
(412018001, '11d1', 'HH'),
(442014002, '11d1', 'LS'),
(442014001, '11d1', 'NV'),
(412013002, '11d1', 'SH'),
(542015002, '11d1', 'TH'),
(412017001, '11d1', 'TO'),
(412014001, '11d1', 'VL');


INSERT INTO `hocsinh` (`mahs`, `hotendem`, `ten`, `malop`, `gioitinh`, `nam`, `ngaysinh`, `diachi`) VALUES
(2013410001, 'Hồ Thị Thanh', 'Hà', '12a1', 'Nữ', 2013, '2000-09-16', 'Đông hòa'),
(2013410002, 'Lê Thu ', 'Quỳnh', '12a2', 'Nữ', 2013, '2000-10-05', 'Đông hòa'),
(2013410003, 'Nguyễn Thị Tuyết', 'Trinh', '11a2', 'Nữ', 2013, '2000-09-08', 'Đông hòa'),
(2013410004, 'Lê Thu ', 'Quỳnh', '11a1', 'Nữ', 2013, '2000-02-26', 'Đông hòa'),
(2013410005, 'Lê Mỹ ', 'Linh', '10a2', 'Nữ', 2013, '2000-03-13', 'Đông hòa'),
(2013410006, 'Trần Xuân', 'Mai', '10a1', 'Nữ', 2013, '2000-06-08', 'Đông hòa'),
(2013440001, 'Huỳnh Phước', 'Danh', '12d1', 'Nữ', 2013, '2000-01-02', 'Đông hòa'),
(2013440002, 'Phạm Hoài', 'Thu', '11d1', 'Nữ', 2013, '2000-10-16', 'Đông hòa'),
(2014410001, 'Nguyễn Thanh', 'Thao', '12a1', 'Nam', 2014, '2000-07-19', 'Đông hòa'),
(2014410002, 'Lê Quỳnh ', 'Như', '12a1', 'Nữ', 2014, '2000-05-06', 'Đông hòa'),
(2014410003, 'Hồ Văn', 'Cường', '12a2', 'Nam', 2014, '2000-12-14', 'Đông hòa'),
(2014410004, 'Trần Quốc', 'Bảo', '12a2', 'Nam', 2014, '2000-07-25', 'Đông hòa'),
(2014410005, 'Nguyễn Văn', 'Khoa', '11a2', 'Nam', 2014, '2000-09-08', 'Đông hòa'),
(2014410006, 'Nguyễn Thanh', 'Thuận', '11a2', 'Nam', 2014, '2000-09-08', 'Đông hòa'),
(2014410007, 'Đoàn Phước ', 'Cường', '11a1', 'Nam', 2014, '2000-02-26', 'Đông hòa'),
(2014410008, 'Phạm Hoàng', 'Sơn', '11a1', 'Nam', 2014, '2000-02-26', 'Đông hòa'),
(2014410009, 'Văn Thành', 'Nhân', '10a2', 'Nam', 2014, '2000-03-13', 'Đông hòa'),
(2014410010, 'Huỳnh Thu', 'Thủy', '10a2', 'Nữ', 2014, '2000-03-13', 'Đông hòa'),
(2014410011, 'Quang Ngọc', 'Trinh', '10a1', 'Nam', 2014, '2000-06-08', 'Đông hòa'),
(2014410012, 'Phan Thành', 'Trung', '10a1', 'Nam', 2014, '2000-06-08', 'Đông hòa'),
(2014440001, 'Ngô Bá', 'Khá', '12d1', 'Nam', 2014, '2000-10-12', 'Đông hòa'),
(2014440002, 'Nguyễn Thanh ', 'Tùng', '12d1', 'Nam', 2014, '2000-08-08', 'Đông hòa'),
(2014440003, 'Lê Bách', 'Hào', '11d1', 'Nam', 2014, '2000-10-16', 'Đông hòa'),
(2014440004, 'Phùng Thanh', 'Độ', '11d1', 'Nam', 2014, '2000-10-16', 'Đông hòa'),
(2015410001, 'Dương Thành', 'Công', '12a1', 'Nam', 2015, '2000-02-03', 'Đông hòa'),
(2015410002, 'Trần Văn', 'Quang', '12a1', 'Nam', 2015, '2000-01-05', 'Đông hòa'),
(2015410003, 'Trịnh Kim', 'Chi', '12a2', 'Nữ', 2015, '2000-05-23', 'Đông hòa'),
(2015410004, 'Hà Quốc', 'Chung', '12a2', 'Nam', 2015, '2000-08-06', 'Đông hòa'),
(2015410005, 'Đỗ Thu', 'Lan', '11a2', 'Nữ', 2015, '2000-09-08', 'Đông hòa'),
(2015410006, 'Nguyễn Duy', 'Thuật', '11a2', 'Nam', 2015, '2000-09-08', 'Đông hòa'),
(2015410007, 'Trần Quỳnh', 'Giao', '11a1', 'Nữ', 2015, '2000-02-26', 'Đông hòa'),
(2015410008, 'Nguyễn Hải', 'Đăng', '11a1', 'Nam', 2015, '2000-02-26', 'Đông hòa'),
(2015410009, 'Trần Thành ', 'Đạt', '10a2', 'Nam', 2015, '2000-03-13', 'Đông hòa'),
(2015410010, 'Quách Ngọc', 'Tuyên', '10a2', 'Nam', 2015, '2000-03-13', 'Đông hòa'),
(2015410011, 'Lê Thu ', 'Trang', '10a1', 'Nữ', 2015, '2000-06-08', 'Đông hòa'),
(2015410012, 'Tạ Đình', 'Phong', '10a1', 'Nam', 2015, '2000-06-08', 'Đông hòa'),
(2015440001, 'Đặng Thu ', 'Hà', '12d1', 'Nữ', 2015, '2000-12-24', 'Đông hòa'),
(2015440002, 'Đậu Thu', 'Uyên', '12d1', 'Nam', 2015, '2000-12-16', 'Đông hòa'),
(2015440003, 'Trịnh Kim', 'Liên', '11d1', 'Nữ', 2015, '2000-10-12', 'Đông hòa'),
(2015440004, 'Lê Duy', 'Thành', '11d1', 'Nam', 2015, '2000-10-16', 'Đông hòa');


INSERT INTO `taikhoan` (`tentk`, `matkhau`, `magv`, `mahs`, `quyen`) VALUES
('2014410001', 'c4ca4238a0b923820dcc509a6f75849b', NULL, 2014410001, 'hs'),
('2015410001', 'c4ca4238a0b923820dcc509a6f75849b', NULL, 2015410001, 'hs'),
('2014410002', 'c4ca4238a0b923820dcc509a6f75849b', NULL, 2014410002, 'hs'),
('2015410002', 'c4ca4238a0b923820dcc509a6f75849b', NULL, 2015410002, 'hs'),
('2013410001', 'c4ca4238a0b923820dcc509a6f75849b', NULL, 2013410001, 'hs'),
('2014410003', 'c4ca4238a0b923820dcc509a6f75849b', NULL, 2014410003, 'hs'),
('2015410003', 'c4ca4238a0b923820dcc509a6f75849b', NULL, 2015410003, 'hs'),
('2014410004', 'c4ca4238a0b923820dcc509a6f75849b', NULL, 2014410004, 'hs'),
('2015410004', 'c4ca4238a0b923820dcc509a6f75849b', NULL, 2015410004, 'hs'),
('2013410002', 'c4ca4238a0b923820dcc509a6f75849b', NULL, 2013410002, 'hs'),
('2014440001', 'c4ca4238a0b923820dcc509a6f75849b', NULL, 2014440001, 'hs'),
('2015440001', 'c4ca4238a0b923820dcc509a6f75849b', NULL, 2015440001, 'hs'),
('2014440002', 'c4ca4238a0b923820dcc509a6f75849b', NULL, 2014440002, 'hs'),
('2015440002', 'c4ca4238a0b923820dcc509a6f75849b', NULL, 2015440002, 'hs'),
('2013440001', 'c4ca4238a0b923820dcc509a6f75849b', NULL, 2013440001, 'hs'),
('2014440003', 'c4ca4238a0b923820dcc509a6f75849b', NULL, 2014440003, 'hs'),
('2015440003', 'c4ca4238a0b923820dcc509a6f75849b', NULL, 2015440003, 'hs'),
('2014440004', 'c4ca4238a0b923820dcc509a6f75849b', NULL, 2014440004, 'hs'),
('2015440004', 'c4ca4238a0b923820dcc509a6f75849b', NULL, 2015440004, 'hs'),
('2013440002', 'c4ca4238a0b923820dcc509a6f75849b', NULL, 2013440002, 'hs'),
('2014410005', 'c4ca4238a0b923820dcc509a6f75849b', NULL, 2014410005, 'hs'),
('2015410005', 'c4ca4238a0b923820dcc509a6f75849b', NULL, 2015410005, 'hs'),
('2014410006', 'c4ca4238a0b923820dcc509a6f75849b', NULL, 2014410006, 'hs'),
('2015410006', 'c4ca4238a0b923820dcc509a6f75849b', NULL, 2015410006, 'hs'),
('2013410003', 'c4ca4238a0b923820dcc509a6f75849b', NULL, 2013410003, 'hs'),
('2014410007', 'c4ca4238a0b923820dcc509a6f75849b', NULL, 2014410007, 'hs'),
('2015410007', 'c4ca4238a0b923820dcc509a6f75849b', NULL, 2015410007, 'hs'),
('2014410008', 'c4ca4238a0b923820dcc509a6f75849b', NULL, 2014410008, 'hs'),
('2015410008', 'c4ca4238a0b923820dcc509a6f75849b', NULL, 2015410008, 'hs'),
('2013410004', 'c4ca4238a0b923820dcc509a6f75849b', NULL, 2013410004, 'hs'),
('2014410009', 'c4ca4238a0b923820dcc509a6f75849b', NULL, 2014410009, 'hs'),
('2015410009', 'c4ca4238a0b923820dcc509a6f75849b', NULL, 2015410009, 'hs'),
('2014410010', 'c4ca4238a0b923820dcc509a6f75849b', NULL, 2014410010, 'hs'),
('2015410010', 'c4ca4238a0b923820dcc509a6f75849b', NULL, 2015410010, 'hs'),
('2013410005', 'c4ca4238a0b923820dcc509a6f75849b', NULL, 2013410005, 'hs'),
('2014410011', 'c4ca4238a0b923820dcc509a6f75849b', NULL, 2014410011, 'hs'),
('2015410011', 'c4ca4238a0b923820dcc509a6f75849b', NULL, 2015410011, 'hs'),
('2014410012', 'c4ca4238a0b923820dcc509a6f75849b', NULL, 2014410012, 'hs'),
('2015410012', 'c4ca4238a0b923820dcc509a6f75849b', NULL, 2015410012, 'hs'),
('2013410006', 'c4ca4238a0b923820dcc509a6f75849b', NULL, 2013410006, 'hs');




INSERT INTO `bangdiem` (`mamh`, `mahs`, `mahk`, `magv`, `namhoc`, `diemmieng`, `diem15p`, `diem1tiet`, `diemhk`, `diemtb`) VALUES
('AV', 2013410001, 1, 542015001, 2019, 6.0, 5.0, 4.0, 4.0, 4.4),
('AV', 2013410002, 1, 542017001, 2019, 7.0, 0.0, 3.0, 3.0, 3.1),
('AV', 2013410003, 1, 542017001, 2019, 5.0, 9.0, 7.0, 1.0, 4.4),
('AV', 2013410004, 1, 542015001, 2019, 3.0, 6.0, 2.0, 2.0, 2.7),
('AV', 2013410005, 1, 542015001, 2019, 2.0, 4.0, 6.0, 7.0, 5.6),
('AV', 2013410006, 1, 542015001, 2019, 10.0, 6.0, 6.0, 4.0, 5.7),
('AV', 2013440001, 1, 542015003, 2019, 5.0, 4.0, 6.0, 10.0, 7.3),
('AV', 2013440002, 1, 542015001, 2019, 9.0, 0.0, 0.0, 8.0, 4.7),
('AV', 2014410001, 1, 542015001, 2019, 2.0, 10.0, 0.0, 8.0, 5.1),
('AV', 2014410002, 1, 542015001, 2019, 2.0, 8.0, 8.0, 5.0, 5.9),
('AV', 2014410003, 1, 542017001, 2019, 4.0, 8.0, 3.0, 8.0, 6.0),
('AV', 2014410004, 1, 542017001, 2019, 1.0, 10.0, 1.0, 4.0, 3.6),
('AV', 2014410005, 1, 542017001, 2019, 6.0, 8.0, 9.0, 1.0, 5.0),
('AV', 2014410006, 1, 542017001, 2019, 10.0, 8.0, 0.0, 6.0, 5.1),
('AV', 2014410007, 1, 542015001, 2019, 0.0, 10.0, 8.0, 2.0, 4.6),
('AV', 2014410008, 1, 542015001, 2019, 9.0, 10.0, 3.0, 10.0, 7.9),
('AV', 2014410009, 1, 542015001, 2019, 3.0, 1.0, 10.0, 10.0, 7.7),
('AV', 2014410010, 1, 542015001, 2019, 5.0, 7.0, 6.0, 3.0, 4.7),
('AV', 2014410011, 1, 542015001, 2019, 1.0, 4.0, 3.0, 8.0, 5.0),
('AV', 2014410012, 1, 542015001, 2019, 0.0, 8.0, 7.0, 0.0, 3.1),
('AV', 2014440001, 1, 542015003, 2019, 2.0, 0.0, 5.0, 6.0, 4.3),
('AV', 2014440002, 1, 542015003, 2019, 5.0, 3.0, 10.0, 9.0, 7.9),
('AV', 2014440003, 1, 542015001, 2019, 5.0, 2.0, 0.0, 2.0, 1.9),
('AV', 2014440004, 1, 542015001, 2019, 0.0, 6.0, 0.0, 3.0, 2.1),
('AV', 2015410001, 1, 542015001, 2019, 10.0, 2.0, 10.0, 8.0, 8.0),
('AV', 2015410002, 1, 542015001, 2019, 1.0, 8.0, 5.0, 3.0, 4.0),
('AV', 2015410003, 1, 542017001, 2019, 6.0, 5.0, 9.0, 2.0, 5.0),
('AV', 2015410004, 1, 542017001, 2019, 7.0, 9.0, 6.0, 3.0, 5.3),
('AV', 2015410005, 1, 542017001, 2019, 5.0, 2.0, 5.0, 0.0, 2.4),
('AV', 2015410006, 1, 542017001, 2019, 10.0, 8.0, 7.0, 10.0, 8.9),
('AV', 2015410007, 1, 542015001, 2019, 6.0, 7.0, 6.0, 7.0, 6.6),
('AV', 2015410008, 1, 542015001, 2019, 3.0, 6.0, 2.0, 9.0, 5.7),
('AV', 2015410009, 1, 542015001, 2019, 4.0, 7.0, 10.0, 2.0, 5.3),
('AV', 2015410010, 1, 542015001, 2019, 1.0, 3.0, 2.0, 6.0, 3.7),
('AV', 2015410011, 1, 542015001, 2019, 7.0, 3.0, 9.0, 10.0, 8.3),
('AV', 2015410012, 1, 542015001, 2019, 10.0, 7.0, 10.0, 7.0, 8.3),
('AV', 2015440001, 1, 542015003, 2019, 5.0, 10.0, 1.0, 3.0, 3.7),
('AV', 2015440002, 1, 542015003, 2019, 3.0, 4.0, 9.0, 3.0, 4.9),
('AV', 2015440003, 1, 542015001, 2019, 5.0, 9.0, 6.0, 6.0, 6.3),
('AV', 2015440004, 1, 542015001, 2019, 2.0, 7.0, 1.0, 8.0, 5.0),
('DL', 2013410001, 1, 542015001, 2019, 10.0, 4.0, 1.0, 8.0, 5.7),
('DL', 2013410002, 1, 442016001, 2019, 10.0, 5.0, 6.0, 7.0, 6.9),
('DL', 2013410003, 1, 442016002, 2019, 4.0, 1.0, 3.0, 4.0, 3.3),
('DL', 2013410004, 1, 442016002, 2019, 3.0, 10.0, 8.0, 9.0, 8.0),
('DL', 2013410005, 1, 442016001, 2019, 1.0, 10.0, 7.0, 4.0, 5.3),
('DL', 2013410006, 1, 442016001, 2019, 10.0, 0.0, 4.0, 7.0, 5.6),
('DL', 2013440001, 1, 442016001, 2019, 7.0, 1.0, 9.0, 9.0, 7.6),
('DL', 2013440002, 1, 442016001, 2019, 3.0, 1.0, 2.0, 4.0, 2.9),
('DL', 2014410001, 1, 542015001, 2019, 3.0, 7.0, 7.0, 5.0, 5.6),
('DL', 2014410002, 1, 542015001, 2019, 5.0, 4.0, 9.0, 7.0, 6.9),
('DL', 2014410003, 1, 442016001, 2019, 9.0, 6.0, 6.0, 3.0, 5.1),
('DL', 2014410004, 1, 442016001, 2019, 2.0, 2.0, 4.0, 8.0, 5.1),
('DL', 2014410005, 1, 442016002, 2019, 6.0, 0.0, 7.0, 0.0, 2.9),
('DL', 2014410006, 1, 442016002, 2019, 9.0, 8.0, 7.0, 3.0, 5.7),
('DL', 2014410007, 1, 442016002, 2019, 9.0, 4.0, 8.0, 6.0, 6.7),
('DL', 2014410008, 1, 442016002, 2019, 4.0, 10.0, 6.0, 6.0, 6.3),
('DL', 2014410009, 1, 442016001, 2019, 4.0, 6.0, 8.0, 6.0, 6.3),
('DL', 2014410010, 1, 442016001, 2019, 10.0, 1.0, 4.0, 7.0, 5.7),
('DL', 2014410011, 1, 442016001, 2019, 4.0, 10.0, 8.0, 2.0, 5.1),
('DL', 2014410012, 1, 442016001, 2019, 4.0, 9.0, 5.0, 8.0, 6.7),
('DL', 2014440001, 1, 442016001, 2019, 2.0, 7.0, 4.0, 8.0, 5.9),
('DL', 2014440002, 1, 442016001, 2019, 2.0, 5.0, 7.0, 5.0, 5.1),
('DL', 2014440003, 1, 442016001, 2019, 3.0, 10.0, 8.0, 1.0, 4.6),
('DL', 2014440004, 1, 442016001, 2019, 1.0, 6.0, 5.0, 2.0, 3.3),
('DL', 2015410001, 1, 542015001, 2019, 9.0, 9.0, 7.0, 6.0, 7.1),
('DL', 2015410002, 1, 542015001, 2019, 10.0, 6.0, 7.0, 9.0, 8.1),
('DL', 2015410003, 1, 442016001, 2019, 2.0, 5.0, 7.0, 9.0, 6.9),
('DL', 2015410004, 1, 442016001, 2019, 0.0, 0.0, 1.0, 5.0, 2.4),
('DL', 2015410005, 1, 442016002, 2019, 10.0, 10.0, 6.0, 6.0, 7.1),
('DL', 2015410006, 1, 442016002, 2019, 3.0, 1.0, 2.0, 2.0, 2.0),
('DL', 2015410007, 1, 442016002, 2019, 0.0, 10.0, 10.0, 5.0, 6.4),
('DL', 2015410008, 1, 442016002, 2019, 8.0, 9.0, 3.0, 9.0, 7.1),
('DL', 2015410009, 1, 442016001, 2019, 6.0, 3.0, 5.0, 0.0, 2.7),
('DL', 2015410010, 1, 442016001, 2019, 4.0, 2.0, 7.0, 0.0, 2.9),
('DL', 2015410011, 1, 442016001, 2019, 2.0, 4.0, 3.0, 1.0, 2.1),
('DL', 2015410012, 1, 442016001, 2019, 3.0, 8.0, 8.0, 0.0, 3.9),
('DL', 2015440001, 1, 442016001, 2019, 2.0, 4.0, 0.0, 5.0, 3.0),
('DL', 2015440002, 1, 442016001, 2019, 6.0, 8.0, 6.0, 6.0, 6.3),
('DL', 2015440003, 1, 442016001, 2019, 9.0, 3.0, 8.0, 0.0, 4.0),
('DL', 2015440004, 1, 442016001, 2019, 0.0, 10.0, 2.0, 4.0, 3.7),
('GD', 2013410001, 1, 442015001, 2019, 9.0, 6.0, 0.0, 8.0, 5.6),
('GD', 2013410002, 1, 442017002, 2019, 3.0, 2.0, 9.0, 2.0, 4.1),
('GD', 2013410003, 1, 442017002, 2019, 7.0, 2.0, 10.0, 2.0, 5.0),
('GD', 2013410004, 1, 442015001, 2019, 4.0, 10.0, 5.0, 9.0, 7.3),
('GD', 2013410005, 1, 442017002, 2019, 6.0, 2.0, 10.0, 1.0, 4.4),
('GD', 2013410006, 1, 442015001, 2019, 4.0, 3.0, 1.0, 0.0, 1.3),
('GD', 2013440001, 1, 442015001, 2019, 10.0, 7.0, 10.0, 5.0, 7.4),
('GD', 2013440002, 1, 442015001, 2019, 1.0, 7.0, 2.0, 2.0, 2.6),
('GD', 2014410001, 1, 442015001, 2019, 7.0, 10.0, 1.0, 6.0, 5.3),
('GD', 2014410002, 1, 442015001, 2019, 6.0, 1.0, 10.0, 8.0, 7.3),
('GD', 2014410003, 1, 442017002, 2019, 0.0, 8.0, 2.0, 8.0, 5.1),
('GD', 2014410004, 1, 442017002, 2019, 0.0, 7.0, 5.0, 6.0, 5.0),
('GD', 2014410005, 1, 442017002, 2019, 8.0, 9.0, 1.0, 0.0, 2.7),
('GD', 2014410006, 1, 442017002, 2019, 6.0, 8.0, 4.0, 10.0, 7.4),
('GD', 2014410007, 1, 442015001, 2019, 6.0, 1.0, 5.0, 7.0, 5.4),
('GD', 2014410008, 1, 442015001, 2019, 6.0, 5.0, 8.0, 8.0, 7.3),
('GD', 2014410009, 1, 442017002, 2019, 6.0, 10.0, 6.0, 9.0, 7.9),
('GD', 2014410010, 1, 442017002, 2019, 1.0, 0.0, 8.0, 7.0, 5.4),
('GD', 2014410011, 1, 442015001, 2019, 7.0, 10.0, 4.0, 0.0, 3.6),
('GD', 2014410012, 1, 442015001, 2019, 6.0, 10.0, 8.0, 4.0, 6.3),
('GD', 2014440001, 1, 442015001, 2019, 1.0, 5.0, 10.0, 4.0, 5.4),
('GD', 2014440002, 1, 442015001, 2019, 2.0, 2.0, 8.0, 0.0, 2.9),
('GD', 2014440003, 1, 442015001, 2019, 9.0, 4.0, 3.0, 6.0, 5.3),
('GD', 2014440004, 1, 442015001, 2019, 9.0, 5.0, 10.0, 1.0, 5.3),
('GD', 2015410001, 1, 442015001, 2019, 1.0, 0.0, 8.0, 2.0, 3.3),
('GD', 2015410002, 1, 442015001, 2019, 4.0, 5.0, 8.0, 4.0, 5.3),
('GD', 2015410003, 1, 442017002, 2019, 10.0, 9.0, 7.0, 7.0, 7.7),
('GD', 2015410004, 1, 442017002, 2019, 3.0, 2.0, 6.0, 10.0, 6.7),
('GD', 2015410005, 1, 442017002, 2019, 3.0, 5.0, 10.0, 8.0, 7.4),
('GD', 2015410006, 1, 442017002, 2019, 4.0, 6.0, 4.0, 6.0, 5.1),
('GD', 2015410007, 1, 442015001, 2019, 6.0, 6.0, 9.0, 3.0, 5.6),
('GD', 2015410008, 1, 442015001, 2019, 2.0, 0.0, 5.0, 5.0, 3.9),
('GD', 2015410009, 1, 442017002, 2019, 8.0, 2.0, 0.0, 3.0, 2.7),
('GD', 2015410010, 1, 442017002, 2019, 10.0, 3.0, 1.0, 10.0, 6.4),
('GD', 2015410011, 1, 442015001, 2019, 4.0, 7.0, 8.0, 1.0, 4.3),
('GD', 2015410012, 1, 442015001, 2019, 2.0, 10.0, 3.0, 9.0, 6.4),
('GD', 2015440001, 1, 442015001, 2019, 1.0, 3.0, 1.0, 7.0, 3.9),
('GD', 2015440002, 1, 442015001, 2019, 3.0, 9.0, 3.0, 5.0, 4.7),
('GD', 2015440003, 1, 442015001, 2019, 4.0, 10.0, 7.0, 9.0, 7.9),
('GD', 2015440004, 1, 442015001, 2019, 3.0, 6.0, 0.0, 8.0, 4.7),
('HH', 2013410001, 1, 412013003, 2019, 10.0, 10.0, 6.0, 5.0, 6.7),
('HH', 2013410002, 1, 412016002, 2019, 6.0, 0.0, 8.0, 8.0, 6.6),
('HH', 2013410003, 1, 412018001, 2019, 3.0, 3.0, 8.0, 3.0, 4.4),
('HH', 2013410004, 1, 412018001, 2019, 3.0, 1.0, 3.0, 3.0, 2.7),
('HH', 2013410005, 1, 412013003, 2019, 10.0, 0.0, 7.0, 0.0, 3.4),
('HH', 2013410006, 1, 412016002, 2019, 9.0, 0.0, 5.0, 3.0, 4.0),
('HH', 2013440001, 1, 412013003, 2019, 0.0, 8.0, 1.0, 0.0, 1.4),
('HH', 2013440002, 1, 412018001, 2019, 8.0, 4.0, 5.0, 3.0, 4.4),
('HH', 2014410001, 1, 412013003, 2019, 10.0, 0.0, 6.0, 6.0, 5.7),
('HH', 2014410002, 1, 412013003, 2019, 7.0, 0.0, 3.0, 10.0, 6.1),
('HH', 2014410003, 1, 412016002, 2019, 9.0, 2.0, 3.0, 7.0, 5.4),
('HH', 2014410004, 1, 412016002, 2019, 3.0, 5.0, 9.0, 9.0, 7.6),
('HH', 2014410005, 1, 412018001, 2019, 10.0, 3.0, 4.0, 7.0, 6.0),
('HH', 2014410006, 1, 412018001, 2019, 1.0, 9.0, 4.0, 5.0, 4.7),
('HH', 2014410007, 1, 412018001, 2019, 2.0, 10.0, 8.0, 3.0, 5.3),
('HH', 2014410008, 1, 412018001, 2019, 0.0, 2.0, 5.0, 2.0, 2.6),
('HH', 2014410009, 1, 412013003, 2019, 6.0, 8.0, 8.0, 4.0, 6.0),
('HH', 2014410010, 1, 412013003, 2019, 5.0, 6.0, 10.0, 6.0, 7.0),
('HH', 2014410011, 1, 412016002, 2019, 9.0, 2.0, 0.0, 5.0, 3.7),
('HH', 2014410012, 1, 412016002, 2019, 9.0, 5.0, 0.0, 0.0, 2.0),
('HH', 2014440001, 1, 412013003, 2019, 4.0, 4.0, 7.0, 6.0, 5.7),
('HH', 2014440002, 1, 412013003, 2019, 4.0, 5.0, 1.0, 10.0, 5.9),
('HH', 2014440003, 1, 412018001, 2019, 7.0, 0.0, 9.0, 5.0, 5.7),
('HH', 2014440004, 1, 412018001, 2019, 10.0, 6.0, 4.0, 0.0, 3.4),
('HH', 2015410001, 1, 412013003, 2019, 6.0, 1.0, 1.0, 4.0, 3.0),
('HH', 2015410002, 1, 412013003, 2019, 1.0, 9.0, 10.0, 9.0, 8.1),
('HH', 2015410003, 1, 412016002, 2019, 6.0, 1.0, 9.0, 8.0, 7.0),
('HH', 2015410004, 1, 412016002, 2019, 8.0, 7.0, 6.0, 7.0, 6.9),
('HH', 2015410005, 1, 412018001, 2019, 1.0, 3.0, 7.0, 7.0, 5.6),
('HH', 2015410006, 1, 412018001, 2019, 6.0, 7.0, 3.0, 9.0, 6.6),
('HH', 2015410007, 1, 412018001, 2019, 9.0, 6.0, 8.0, 2.0, 5.3),
('HH', 2015410008, 1, 412018001, 2019, 6.0, 6.0, 2.0, 2.0, 3.1),
('HH', 2015410009, 1, 412013003, 2019, 5.0, 6.0, 4.0, 7.0, 5.7),
('HH', 2015410010, 1, 412013003, 2019, 9.0, 9.0, 8.0, 5.0, 7.0),
('HH', 2015410011, 1, 412016002, 2019, 9.0, 2.0, 1.0, 7.0, 4.9),
('HH', 2015410012, 1, 412016002, 2019, 2.0, 10.0, 2.0, 8.0, 5.7),
('HH', 2015440001, 1, 412013003, 2019, 10.0, 2.0, 10.0, 0.0, 4.6),
('HH', 2015440002, 1, 412013003, 2019, 0.0, 5.0, 3.0, 10.0, 5.9),
('HH', 2015440003, 1, 412018001, 2019, 1.0, 0.0, 1.0, 6.0, 3.0),
('HH', 2015440004, 1, 412018001, 2019, 1.0, 9.0, 1.0, 3.0, 3.0),
('LS', 2013410001, 1, 442014002, 2019, 5.0, 1.0, 10.0, 5.0, 5.9),
('LS', 2013410002, 1, 442017001, 2019, 0.0, 3.0, 6.0, 4.0, 3.9),
('LS', 2013410003, 1, 442014002, 2019, 8.0, 7.0, 2.0, 7.0, 5.7),
('LS', 2013410004, 1, 442017001, 2019, 4.0, 9.0, 7.0, 8.0, 7.3),
('LS', 2013410005, 1, 442017001, 2019, 1.0, 10.0, 9.0, 6.0, 6.7),
('LS', 2013410006, 1, 442014002, 2019, 9.0, 10.0, 2.0, 5.0, 5.4),
('LS', 2013440001, 1, 442017001, 2019, 2.0, 7.0, 8.0, 3.0, 4.9),
('LS', 2013440002, 1, 442014002, 2019, 5.0, 4.0, 7.0, 1.0, 3.7),
('LS', 2014410001, 1, 442014002, 2019, 4.0, 0.0, 10.0, 3.0, 4.7),
('LS', 2014410002, 1, 442014002, 2019, 10.0, 10.0, 9.0, 5.0, 7.6),
('LS', 2014410003, 1, 442017001, 2019, 0.0, 9.0, 1.0, 9.0, 5.4),
('LS', 2014410004, 1, 442017001, 2019, 9.0, 1.0, 5.0, 6.0, 5.4),
('LS', 2014410005, 1, 442014002, 2019, 6.0, 10.0, 9.0, 1.0, 5.3),
('LS', 2014410006, 1, 442014002, 2019, 5.0, 4.0, 8.0, 9.0, 7.4),
('LS', 2014410007, 1, 442017001, 2019, 3.0, 9.0, 10.0, 8.0, 8.0),
('LS', 2014410008, 1, 442017001, 2019, 10.0, 2.0, 2.0, 1.0, 2.7),
('LS', 2014410009, 1, 442017001, 2019, 0.0, 2.0, 0.0, 7.0, 3.3),
('LS', 2014410010, 1, 442017001, 2019, 5.0, 2.0, 3.0, 4.0, 3.6),
('LS', 2014410011, 1, 442014002, 2019, 5.0, 8.0, 1.0, 3.0, 3.4),
('LS', 2014410012, 1, 442014002, 2019, 2.0, 7.0, 6.0, 10.0, 7.3),
('LS', 2014440001, 1, 442017001, 2019, 1.0, 6.0, 1.0, 8.0, 4.7),
('LS', 2014440002, 1, 442017001, 2019, 6.0, 10.0, 10.0, 8.0, 8.6),
('LS', 2014440003, 1, 442014002, 2019, 1.0, 7.0, 9.0, 7.0, 6.7),
('LS', 2014440004, 1, 442014002, 2019, 4.0, 7.0, 1.0, 9.0, 5.7),
('LS', 2015410001, 1, 442014002, 2019, 3.0, 5.0, 2.0, 0.0, 1.7),
('LS', 2015410002, 1, 442014002, 2019, 6.0, 8.0, 0.0, 1.0, 2.4),
('LS', 2015410003, 1, 442017001, 2019, 1.0, 7.0, 0.0, 4.0, 2.9),
('LS', 2015410004, 1, 442017001, 2019, 4.0, 4.0, 7.0, 5.0, 5.3),
('LS', 2015410005, 1, 442014002, 2019, 1.0, 7.0, 8.0, 2.0, 4.3),
('LS', 2015410006, 1, 442014002, 2019, 2.0, 4.0, 2.0, 2.0, 2.3),
('LS', 2015410007, 1, 442017001, 2019, 10.0, 0.0, 0.0, 0.0, 1.4),
('LS', 2015410008, 1, 442017001, 2019, 2.0, 4.0, 9.0, 6.0, 6.0),
('LS', 2015410009, 1, 442017001, 2019, 2.0, 3.0, 6.0, 3.0, 3.7),
('LS', 2015410010, 1, 442017001, 2019, 8.0, 10.0, 10.0, 9.0, 9.3),
('LS', 2015410011, 1, 442014002, 2019, 1.0, 1.0, 2.0, 6.0, 3.4),
('LS', 2015410012, 1, 442014002, 2019, 10.0, 1.0, 2.0, 5.0, 4.3),
('LS', 2015440001, 1, 442017001, 2019, 1.0, 8.0, 7.0, 6.0, 5.9),
('LS', 2015440002, 1, 442017001, 2019, 6.0, 1.0, 8.0, 6.0, 5.9),
('LS', 2015440003, 1, 442014002, 2019, 9.0, 0.0, 2.0, 10.0, 6.1),
('LS', 2015440004, 1, 442014002, 2019, 8.0, 9.0, 6.0, 7.0, 7.1),
('NV', 2013410001, 1, 442014001, 2019, 1.0, 4.0, 8.0, 4.0, 4.7),
('NV', 2013410002, 1, 442013001, 2019, 8.0, 3.0, 4.0, 3.0, 4.0),
('NV', 2013410003, 1, 442013001, 2019, 4.0, 0.0, 3.0, 5.0, 3.6),
('NV', 2013410004, 1, 442014001, 2019, 6.0, 3.0, 7.0, 1.0, 3.7),
('NV', 2013410005, 1, 442013001, 2019, 10.0, 6.0, 1.0, 10.0, 6.9),
('NV', 2013410006, 1, 442014001, 2019, 1.0, 2.0, 3.0, 8.0, 4.7),
('NV', 2013440001, 1, 442014001, 2019, 10.0, 8.0, 5.0, 0.0, 4.0),
('NV', 2013440002, 1, 442014001, 2019, 6.0, 0.0, 10.0, 0.0, 3.7),
('NV', 2014410001, 1, 442014001, 2019, 2.0, 6.0, 6.0, 10.0, 7.1),
('NV', 2014410002, 1, 442014001, 2019, 4.0, 9.0, 9.0, 6.0, 7.0),
('NV', 2014410003, 1, 442013001, 2019, 9.0, 9.0, 0.0, 4.0, 4.3),
('NV', 2014410004, 1, 442013001, 2019, 5.0, 2.0, 5.0, 5.0, 4.6),
('NV', 2014410005, 1, 442013001, 2019, 9.0, 3.0, 4.0, 8.0, 6.3),
('NV', 2014410006, 1, 442013001, 2019, 5.0, 4.0, 1.0, 2.0, 2.4),
('NV', 2014410007, 1, 442014001, 2019, 2.0, 2.0, 5.0, 7.0, 5.0),
('NV', 2014410008, 1, 442014001, 2019, 6.0, 8.0, 6.0, 6.0, 6.3),
('NV', 2014410009, 1, 442013001, 2019, 3.0, 5.0, 6.0, 0.0, 2.9),
('NV', 2014410010, 1, 442013001, 2019, 1.0, 10.0, 2.0, 6.0, 4.7),
('NV', 2014410011, 1, 442014001, 2019, 1.0, 5.0, 3.0, 10.0, 6.0),
('NV', 2014410012, 1, 442014001, 2019, 9.0, 4.0, 9.0, 5.0, 6.6),
('NV', 2014440001, 1, 442014001, 2019, 8.0, 5.0, 9.0, 0.0, 4.4),
('NV', 2014440002, 1, 442014001, 2019, 7.0, 8.0, 1.0, 4.0, 4.1),
('NV', 2014440003, 1, 442014001, 2019, 0.0, 8.0, 5.0, 10.0, 6.9),
('NV', 2014440004, 1, 442014001, 2019, 4.0, 5.0, 2.0, 3.0, 3.1),
('NV', 2015410001, 1, 442014001, 2019, 1.0, 9.0, 4.0, 9.0, 6.4),
('NV', 2015410002, 1, 442014001, 2019, 1.0, 8.0, 10.0, 9.0, 8.0),
('NV', 2015410003, 1, 442013001, 2019, 10.0, 0.0, 4.0, 2.0, 3.4),
('NV', 2015410004, 1, 442013001, 2019, 3.0, 2.0, 7.0, 10.0, 7.0),
('NV', 2015410005, 1, 442013001, 2019, 0.0, 8.0, 0.0, 10.0, 5.4),
('NV', 2015410006, 1, 442013001, 2019, 7.0, 7.0, 10.0, 6.0, 7.4),
('NV', 2015410007, 1, 442014001, 2019, 10.0, 7.0, 1.0, 2.0, 3.6),
('NV', 2015410008, 1, 442014001, 2019, 9.0, 6.0, 2.0, 5.0, 4.9),
('NV', 2015410009, 1, 442013001, 2019, 2.0, 10.0, 0.0, 5.0, 3.9),
('NV', 2015410010, 1, 442013001, 2019, 10.0, 3.0, 6.0, 4.0, 5.3),
('NV', 2015410011, 1, 442014001, 2019, 4.0, 9.0, 0.0, 6.0, 4.4),
('NV', 2015410012, 1, 442014001, 2019, 9.0, 10.0, 8.0, 8.0, 8.4),
('NV', 2015440001, 1, 442014001, 2019, 6.0, 10.0, 8.0, 9.0, 8.4),
('NV', 2015440002, 1, 442014001, 2019, 1.0, 10.0, 3.0, 9.0, 6.3),
('NV', 2015440003, 1, 442014001, 2019, 3.0, 6.0, 7.0, 0.0, 3.3),
('NV', 2015440004, 1, 442014001, 2019, 5.0, 7.0, 8.0, 0.0, 4.0),
('SH', 2013410001, 1, 412016001, 2019, 0.0, 7.0, 7.0, 6.0, 5.6),
('SH', 2013410002, 1, 412013002, 2019, 3.0, 8.0, 6.0, 5.0, 5.4),
('SH', 2013410003, 1, 412016001, 2019, 1.0, 8.0, 6.0, 0.0, 3.0),
('SH', 2013410004, 1, 412016001, 2019, 6.0, 2.0, 0.0, 10.0, 5.4),
('SH', 2013410005, 1, 412016004, 2019, 6.0, 0.0, 10.0, 10.0, 8.0),
('SH', 2013410006, 1, 412013002, 2019, 0.0, 6.0, 4.0, 10.0, 6.3),
('SH', 2013440001, 1, 412016001, 2019, 9.0, 8.0, 6.0, 0.0, 4.1),
('SH', 2013440002, 1, 412013002, 2019, 9.0, 9.0, 8.0, 5.0, 7.0),
('SH', 2014410001, 1, 412016001, 2019, 1.0, 4.0, 8.0, 7.0, 6.0),
('SH', 2014410002, 1, 412016001, 2019, 10.0, 8.0, 8.0, 10.0, 9.1),
('SH', 2014410003, 1, 412013002, 2019, 10.0, 6.0, 7.0, 10.0, 8.6),
('SH', 2014410004, 1, 412013002, 2019, 3.0, 10.0, 2.0, 8.0, 5.9),
('SH', 2014410005, 1, 412016001, 2019, 8.0, 1.0, 9.0, 8.0, 7.3),
('SH', 2014410006, 1, 412016001, 2019, 0.0, 8.0, 5.0, 7.0, 5.6),
('SH', 2014410007, 1, 412016001, 2019, 3.0, 9.0, 5.0, 1.0, 3.6),
('SH', 2014410008, 1, 412016001, 2019, 0.0, 4.0, 5.0, 0.0, 2.0),
('SH', 2014410009, 1, 412016004, 2019, 6.0, 3.0, 6.0, 4.0, 4.7),
('SH', 2014410010, 1, 412016004, 2019, 3.0, 8.0, 5.0, 2.0, 3.9),
('SH', 2014410011, 1, 412013002, 2019, 5.0, 1.0, 0.0, 1.0, 1.3),
('SH', 2014410012, 1, 412013002, 2019, 3.0, 10.0, 6.0, 4.0, 5.3),
('SH', 2014440001, 1, 412016001, 2019, 2.0, 5.0, 5.0, 9.0, 6.3),
('SH', 2014440002, 1, 412016001, 2019, 0.0, 8.0, 2.0, 5.0, 3.9),
('SH', 2014440003, 1, 412013002, 2019, 10.0, 4.0, 6.0, 6.0, 6.3),
('SH', 2014440004, 1, 412013002, 2019, 3.0, 7.0, 7.0, 0.0, 3.4),
('SH', 2015410001, 1, 412016001, 2019, 5.0, 1.0, 8.0, 2.0, 4.0),
('SH', 2015410002, 1, 412016001, 2019, 9.0, 1.0, 7.0, 5.0, 5.6),
('SH', 2015410003, 1, 412013002, 2019, 10.0, 1.0, 9.0, 5.0, 6.3),
('SH', 2015410004, 1, 412013002, 2019, 1.0, 0.0, 2.0, 1.0, 1.1),
('SH', 2015410005, 1, 412016001, 2019, 0.0, 10.0, 9.0, 1.0, 4.4),
('SH', 2015410006, 1, 412016001, 2019, 10.0, 2.0, 4.0, 7.0, 5.9),
('SH', 2015410007, 1, 412016001, 2019, 2.0, 8.0, 9.0, 9.0, 7.9),
('SH', 2015410008, 1, 412016001, 2019, 5.0, 7.0, 10.0, 0.0, 4.6),
('SH', 2015410009, 1, 412016004, 2019, 1.0, 4.0, 6.0, 0.0, 2.4),
('SH', 2015410010, 1, 412016004, 2019, 0.0, 4.0, 1.0, 8.0, 4.3),
('SH', 2015410011, 1, 412013002, 2019, 8.0, 1.0, 0.0, 6.0, 3.9),
('SH', 2015410012, 1, 412013002, 2019, 1.0, 4.0, 0.0, 10.0, 5.0),
('SH', 2015440001, 1, 412016001, 2019, 7.0, 1.0, 2.0, 8.0, 5.1),
('SH', 2015440002, 1, 412016001, 2019, 2.0, 7.0, 1.0, 7.0, 4.6),
('SH', 2015440003, 1, 412013002, 2019, 5.0, 8.0, 0.0, 2.0, 2.7),
('SH', 2015440004, 1, 412013002, 2019, 5.0, 8.0, 5.0, 8.0, 6.7),
('TH', 2013410001, 1, 542016001, 2019, 10.0, 6.0, 1.0, 0.0, 2.6),
('TH', 2013410002, 1, 542015002, 2019, 4.0, 5.0, 4.0, 1.0, 2.9),
('TH', 2013410003, 1, 542015002, 2019, 6.0, 7.0, 7.0, 6.0, 6.4),
('TH', 2013410004, 1, 542016001, 2019, 6.0, 2.0, 5.0, 4.0, 4.3),
('TH', 2013410005, 1, 542016001, 2019, 2.0, 5.0, 0.0, 4.0, 2.7),
('TH', 2013410006, 1, 542016001, 2019, 0.0, 2.0, 0.0, 1.0, 0.7),
('TH', 2013440001, 1, 542015002, 2019, 6.0, 10.0, 10.0, 2.0, 6.0),
('TH', 2013440002, 1, 542015002, 2019, 0.0, 5.0, 10.0, 8.0, 7.0),
('TH', 2014410001, 1, 542016001, 2019, 9.0, 2.0, 5.0, 3.0, 4.3),
('TH', 2014410002, 1, 542016001, 2019, 6.0, 3.0, 2.0, 2.0, 2.7),
('TH', 2014410003, 1, 542015002, 2019, 8.0, 6.0, 7.0, 3.0, 5.3),
('TH', 2014410004, 1, 542015002, 2019, 4.0, 5.0, 3.0, 1.0, 2.6),
('TH', 2014410005, 1, 542015002, 2019, 5.0, 7.0, 9.0, 7.0, 7.3),
('TH', 2014410006, 1, 542015002, 2019, 5.0, 3.0, 10.0, 5.0, 6.1),
('TH', 2014410007, 1, 542016001, 2019, 10.0, 9.0, 1.0, 6.0, 5.6),
('TH', 2014410008, 1, 542016001, 2019, 6.0, 8.0, 5.0, 7.0, 6.4),
('TH', 2014410009, 1, 542016001, 2019, 3.0, 7.0, 1.0, 3.0, 3.0),
('TH', 2014410010, 1, 542016001, 2019, 4.0, 0.0, 2.0, 7.0, 4.1),
('TH', 2014410011, 1, 542016001, 2019, 0.0, 0.0, 9.0, 9.0, 6.4),
('TH', 2014410012, 1, 542016001, 2019, 1.0, 3.0, 2.0, 0.0, 1.1),
('TH', 2014440001, 1, 542015002, 2019, 5.0, 1.0, 3.0, 9.0, 5.6),
('TH', 2014440002, 1, 542015002, 2019, 0.0, 10.0, 2.0, 8.0, 5.4),
('TH', 2014440003, 1, 542015002, 2019, 8.0, 3.0, 2.0, 4.0, 3.9),
('TH', 2014440004, 1, 542015002, 2019, 8.0, 4.0, 6.0, 10.0, 7.7),
('TH', 2015410001, 1, 542016001, 2019, 9.0, 5.0, 10.0, 3.0, 6.1),
('TH', 2015410002, 1, 542016001, 2019, 7.0, 9.0, 6.0, 0.0, 4.0),
('TH', 2015410003, 1, 542015002, 2019, 6.0, 9.0, 6.0, 3.0, 5.1),
('TH', 2015410004, 1, 542015002, 2019, 3.0, 1.0, 8.0, 4.0, 4.6),
('TH', 2015410005, 1, 542015002, 2019, 6.0, 3.0, 6.0, 0.0, 3.0),
('TH', 2015410006, 1, 542015002, 2019, 6.0, 10.0, 3.0, 6.0, 5.7),
('TH', 2015410007, 1, 542016001, 2019, 9.0, 5.0, 6.0, 3.0, 5.0),
('TH', 2015410008, 1, 542016001, 2019, 0.0, 2.0, 1.0, 6.0, 3.1),
('TH', 2015410009, 1, 542016001, 2019, 3.0, 6.0, 1.0, 2.0, 2.4),
('TH', 2015410010, 1, 542016001, 2019, 5.0, 3.0, 1.0, 0.0, 1.4),
('TH', 2015410011, 1, 542016001, 2019, 8.0, 9.0, 5.0, 4.0, 5.6),
('TH', 2015410012, 1, 542016001, 2019, 2.0, 7.0, 2.0, 5.0, 4.0),
('TH', 2015440001, 1, 542015002, 2019, 0.0, 10.0, 4.0, 8.0, 6.0),
('TH', 2015440002, 1, 542015002, 2019, 5.0, 9.0, 8.0, 8.0, 7.7),
('TH', 2015440003, 1, 542015002, 2019, 7.0, 0.0, 8.0, 7.0, 6.3),
('TH', 2015440004, 1, 542015002, 2019, 6.0, 9.0, 7.0, 9.0, 8.0),
('TO', 2013410001, 1, 412014003, 2019, 10.0, 3.0, 3.0, 9.0, 6.6),
('TO', 2013410002, 1, 412017001, 2019, 7.0, 1.0, 5.0, 4.0, 4.3),
('TO', 2013410003, 1, 412014002, 2019, 3.0, 0.0, 5.0, 1.0, 2.3),
('TO', 2013410004, 1, 412014003, 2019, 4.0, 1.0, 10.0, 5.0, 5.7),
('TO', 2013410005, 1, 412014002, 2019, 6.0, 7.0, 6.0, 8.0, 7.0),
('TO', 2013410006, 1, 412017001, 2019, 8.0, 3.0, 3.0, 7.0, 5.4),
('TO', 2013440001, 1, 412014003, 2019, 4.0, 10.0, 8.0, 5.0, 6.4),
('TO', 2013440002, 1, 412017001, 2019, 0.0, 4.0, 3.0, 3.0, 2.7),
('TO', 2014410001, 1, 412014003, 2019, 5.0, 0.0, 2.0, 6.0, 3.9),
('TO', 2014410002, 1, 412014003, 2019, 7.0, 9.0, 0.0, 0.0, 2.3),
('TO', 2014410003, 1, 412017001, 2019, 1.0, 3.0, 10.0, 1.0, 3.9),
('TO', 2014410004, 1, 412017001, 2019, 3.0, 9.0, 6.0, 9.0, 7.3),
('TO', 2014410005, 1, 412014002, 2019, 3.0, 6.0, 5.0, 6.0, 5.3),
('TO', 2014410006, 1, 412014002, 2019, 6.0, 2.0, 9.0, 2.0, 4.6),
('TO', 2014410007, 1, 412014003, 2019, 1.0, 4.0, 8.0, 0.0, 3.0),
('TO', 2014410008, 1, 412014003, 2019, 8.0, 2.0, 2.0, 10.0, 6.3),
('TO', 2014410009, 1, 412014002, 2019, 4.0, 9.0, 0.0, 6.0, 4.4),
('TO', 2014410010, 1, 412014002, 2019, 10.0, 6.0, 8.0, 0.0, 4.6),
('TO', 2014410011, 1, 412017001, 2019, 1.0, 9.0, 3.0, 5.0, 4.4),
('TO', 2014410012, 1, 412017001, 2019, 9.0, 1.0, 1.0, 3.0, 3.0),
('TO', 2014440001, 1, 412014003, 2019, 9.0, 0.0, 6.0, 7.0, 6.0),
('TO', 2014440002, 1, 412014003, 2019, 1.0, 4.0, 1.0, 10.0, 5.3),
('TO', 2014440003, 1, 412017001, 2019, 6.0, 7.0, 7.0, 6.0, 6.4),
('TO', 2014440004, 1, 412017001, 2019, 5.0, 2.0, 8.0, 5.0, 5.4),
('TO', 2015410001, 1, 412014003, 2019, 10.0, 5.0, 1.0, 2.0, 3.3),
('TO', 2015410002, 1, 412014003, 2019, 0.0, 2.0, 4.0, 6.0, 4.0),
('TO', 2015410003, 1, 412017001, 2019, 4.0, 2.0, 0.0, 5.0, 3.0),
('TO', 2015410004, 1, 412017001, 2019, 6.0, 4.0, 10.0, 7.0, 7.3),
('TO', 2015410005, 1, 412014002, 2019, 1.0, 0.0, 7.0, 6.0, 4.7),
('TO', 2015410006, 1, 412014002, 2019, 2.0, 8.0, 1.0, 8.0, 5.1),
('TO', 2015410007, 1, 412014003, 2019, 1.0, 5.0, 8.0, 3.0, 4.4),
('TO', 2015410008, 1, 412014003, 2019, 2.0, 2.0, 2.0, 0.0, 1.1),
('TO', 2015410009, 1, 412014002, 2019, 10.0, 7.0, 2.0, 3.0, 4.3),
('TO', 2015410010, 1, 412014002, 2019, 8.0, 0.0, 8.0, 6.0, 6.0),
('TO', 2015410011, 1, 412017001, 2019, 10.0, 6.0, 9.0, 7.0, 7.9),
('TO', 2015410012, 1, 412017001, 2019, 1.0, 1.0, 3.0, 3.0, 2.4),
('TO', 2015440001, 1, 412014003, 2019, 10.0, 10.0, 7.0, 7.0, 7.9),
('TO', 2015440002, 1, 412014003, 2019, 2.0, 1.0, 7.0, 3.0, 3.7),
('TO', 2015440003, 1, 412017001, 2019, 6.0, 3.0, 10.0, 5.0, 6.3),
('TO', 2015440004, 1, 412017001, 2019, 6.0, 9.0, 3.0, 0.0, 3.0),
('VL', 2013410001, 1, 412016003, 2019, 1.0, 5.0, 7.0, 4.0, 4.6),
('VL', 2013410002, 1, 412014001, 2019, 4.0, 7.0, 1.0, 1.0, 2.3),
('VL', 2013410003, 1, 412016003, 2019, 0.0, 1.0, 10.0, 8.0, 6.4),
('VL', 2013410004, 1, 412013001, 2019, 2.0, 6.0, 6.0, 2.0, 3.7),
('VL', 2013410005, 1, 412013001, 2019, 7.0, 4.0, 2.0, 0.0, 2.1),
('VL', 2013410006, 1, 412014001, 2019, 3.0, 3.0, 6.0, 1.0, 3.0),
('VL', 2013440001, 1, 412014001, 2019, 1.0, 8.0, 3.0, 0.0, 2.1),
('VL', 2013440002, 1, 412014001, 2019, 10.0, 0.0, 8.0, 6.0, 6.3),
('VL', 2014410001, 1, 412016003, 2019, 3.0, 9.0, 9.0, 6.0, 6.9),
('VL', 2014410002, 1, 412016003, 2019, 5.0, 8.0, 1.0, 0.0, 2.1),
('VL', 2014410003, 1, 412014001, 2019, 10.0, 0.0, 4.0, 5.0, 4.7),
('VL', 2014410004, 1, 412014001, 2019, 9.0, 9.0, 5.0, 2.0, 4.9),
('VL', 2014410005, 1, 412016003, 2019, 2.0, 6.0, 4.0, 0.0, 2.3),
('VL', 2014410006, 1, 412016003, 2019, 3.0, 5.0, 9.0, 4.0, 5.4),
('VL', 2014410007, 1, 412013001, 2019, 1.0, 6.0, 8.0, 10.0, 7.6),
('VL', 2014410008, 1, 412013001, 2019, 1.0, 8.0, 4.0, 3.0, 3.7),
('VL', 2014410009, 1, 412013001, 2019, 1.0, 4.0, 3.0, 10.0, 5.9),
('VL', 2014410010, 1, 412013001, 2019, 3.0, 6.0, 0.0, 3.0, 2.6),
('VL', 2014410011, 1, 412014001, 2019, 6.0, 10.0, 4.0, 2.0, 4.3),
('VL', 2014410012, 1, 412014001, 2019, 9.0, 0.0, 0.0, 1.0, 1.7),
('VL', 2014440001, 1, 412014001, 2019, 5.0, 7.0, 8.0, 10.0, 8.3),
('VL', 2014440002, 1, 412014001, 2019, 5.0, 3.0, 4.0, 1.0, 2.7),
('VL', 2014440003, 1, 412014001, 2019, 6.0, 1.0, 10.0, 10.0, 8.1),
('VL', 2014440004, 1, 412014001, 2019, 3.0, 4.0, 2.0, 6.0, 4.1),
('VL', 2015410001, 1, 412016003, 2019, 5.0, 7.0, 0.0, 3.0, 3.0),
('VL', 2015410002, 1, 412016003, 2019, 6.0, 5.0, 6.0, 10.0, 7.6),
('VL', 2015410003, 1, 412014001, 2019, 9.0, 0.0, 2.0, 7.0, 4.9),
('VL', 2015410004, 1, 412014001, 2019, 4.0, 2.0, 10.0, 7.0, 6.7),
('VL', 2015410005, 1, 412016003, 2019, 3.0, 3.0, 9.0, 10.0, 7.7),
('VL', 2015410006, 1, 412016003, 2019, 4.0, 7.0, 2.0, 10.0, 6.4),
('VL', 2015410007, 1, 412013001, 2019, 1.0, 0.0, 4.0, 7.0, 4.3),
('VL', 2015410008, 1, 412013001, 2019, 1.0, 9.0, 4.0, 4.0, 4.3),
('VL', 2015410009, 1, 412013001, 2019, 9.0, 10.0, 10.0, 4.0, 7.3),
('VL', 2015410010, 1, 412013001, 2019, 4.0, 6.0, 7.0, 1.0, 3.9),
('VL', 2015410011, 1, 412014001, 2019, 7.0, 0.0, 6.0, 5.0, 4.9),
('VL', 2015410012, 1, 412014001, 2019, 6.0, 0.0, 4.0, 10.0, 6.3),
('VL', 2015440001, 1, 412014001, 2019, 6.0, 9.0, 6.0, 4.0, 5.6),
('VL', 2015440002, 1, 412014001, 2019, 6.0, 8.0, 1.0, 5.0, 4.4),
('VL', 2015440003, 1, 412014001, 2019, 10.0, 7.0, 0.0, 5.0, 4.6),
('VL', 2015440004, 1, 412014001, 2019, 6.0, 5.0, 0.0, 5.0, 3.7),
('AV', 2013410001, 2, 542015001, 2019, 6.0, 10.0, 2.0, 10.0, 7.1),
('AV', 2013410002, 2, 542017001, 2019, 1.0, 6.0, 3.0, 1.0, 2.3),
('AV', 2013410003, 2, 542017001, 2019, 3.0, 6.0, 1.0, 5.0, 3.7),
('AV', 2013410004, 2, 542015001, 2019, 3.0, 7.0, 10.0, 3.0, 5.6),
('AV', 2013410005, 2, 542015001, 2019, 5.0, 0.0, 3.0, 3.0, 2.9),
('AV', 2013410006, 2, 542015001, 2019, 0.0, 7.0, 4.0, 4.0, 3.9),
('AV', 2013440001, 2, 542015003, 2019, 0.0, 1.0, 9.0, 8.0, 6.1),
('AV', 2013440002, 2, 542015001, 2019, 7.0, 3.0, 4.0, 3.0, 3.9),
('AV', 2014410001, 2, 542015001, 2019, 8.0, 7.0, 0.0, 9.0, 6.0),
('AV', 2014410002, 2, 542015001, 2019, 8.0, 0.0, 3.0, 2.0, 2.9),
('AV', 2014410003, 2, 542017001, 2019, 9.0, 1.0, 9.0, 0.0, 4.0),
('AV', 2014410004, 2, 542017001, 2019, 4.0, 7.0, 5.0, 4.0, 4.7),
('AV', 2014410005, 2, 542017001, 2019, 1.0, 6.0, 2.0, 3.0, 2.9),
('AV', 2014410006, 2, 542017001, 2019, 6.0, 7.0, 4.0, 10.0, 7.3),
('AV', 2014410007, 2, 542015001, 2019, 9.0, 9.0, 1.0, 8.0, 6.3),
('AV', 2014410008, 2, 542015001, 2019, 1.0, 5.0, 10.0, 9.0, 7.6),
('AV', 2014410009, 2, 542015001, 2019, 4.0, 7.0, 10.0, 8.0, 7.9),
('AV', 2014410010, 2, 542015001, 2019, 5.0, 4.0, 9.0, 0.0, 3.9),
('AV', 2014410011, 2, 542015001, 2019, 9.0, 6.0, 2.0, 5.0, 4.9),
('AV', 2014410012, 2, 542015001, 2019, 10.0, 1.0, 3.0, 3.0, 3.7),
('AV', 2014440001, 2, 542015003, 2019, 8.0, 7.0, 3.0, 10.0, 7.3),
('AV', 2014440002, 2, 542015003, 2019, 5.0, 4.0, 2.0, 6.0, 4.4),
('AV', 2014440003, 2, 542015001, 2019, 8.0, 9.0, 8.0, 6.0, 7.3),
('AV', 2014440004, 2, 542015001, 2019, 9.0, 9.0, 4.0, 6.0, 6.3),
('AV', 2015410001, 2, 542015001, 2019, 8.0, 1.0, 7.0, 8.0, 6.7),
('AV', 2015410002, 2, 542015001, 2019, 3.0, 1.0, 5.0, 4.0, 3.7),
('AV', 2015410003, 2, 542017001, 2019, 7.0, 1.0, 10.0, 8.0, 7.4),
('AV', 2015410004, 2, 542017001, 2019, 2.0, 1.0, 0.0, 6.0, 3.0),
('AV', 2015410005, 2, 542017001, 2019, 3.0, 7.0, 0.0, 4.0, 3.1),
('AV', 2015410006, 2, 542017001, 2019, 3.0, 9.0, 4.0, 5.0, 5.0),
('AV', 2015410007, 2, 542015001, 2019, 2.0, 5.0, 1.0, 7.0, 4.3),
('AV', 2015410008, 2, 542015001, 2019, 5.0, 9.0, 1.0, 3.0, 3.6),
('AV', 2015410009, 2, 542015001, 2019, 0.0, 3.0, 6.0, 10.0, 6.4),
('AV', 2015410010, 2, 542015001, 2019, 1.0, 3.0, 4.0, 3.0, 3.0),
('AV', 2015410011, 2, 542015001, 2019, 2.0, 2.0, 10.0, 2.0, 4.3),
('AV', 2015410012, 2, 542015001, 2019, 2.0, 3.0, 5.0, 2.0, 3.0),
('AV', 2015440001, 2, 542015003, 2019, 3.0, 3.0, 5.0, 2.0, 3.1),
('AV', 2015440002, 2, 542015003, 2019, 4.0, 6.0, 1.0, 6.0, 4.3),
('AV', 2015440003, 2, 542015001, 2019, 10.0, 0.0, 4.0, 0.0, 2.6),
('AV', 2015440004, 2, 542015001, 2019, 0.0, 2.0, 1.0, 6.0, 3.1),
('DL', 2013410001, 2, 542015001, 2019, 2.0, 10.0, 3.0, 2.0, 3.4),
('DL', 2013410002, 2, 442016001, 2019, 0.0, 7.0, 8.0, 0.0, 3.3),
('DL', 2013410003, 2, 442016002, 2019, 8.0, 3.0, 10.0, 8.0, 7.9),
('DL', 2013410004, 2, 442016002, 2019, 6.0, 0.0, 0.0, 5.0, 3.0),
('DL', 2013410005, 2, 442016001, 2019, 9.0, 4.0, 2.0, 5.0, 4.6),
('DL', 2013410006, 2, 442016001, 2019, 7.0, 9.0, 7.0, 0.0, 4.3),
('DL', 2013440001, 2, 442016001, 2019, 3.0, 10.0, 4.0, 5.0, 5.1),
('DL', 2013440002, 2, 442016001, 2019, 10.0, 7.0, 2.0, 9.0, 6.9),
('DL', 2014410001, 2, 542015001, 2019, 9.0, 5.0, 10.0, 0.0, 4.9),
('DL', 2014410002, 2, 542015001, 2019, 5.0, 9.0, 2.0, 1.0, 3.0),
('DL', 2014410003, 2, 442016001, 2019, 4.0, 9.0, 1.0, 9.0, 6.0),
('DL', 2014410004, 2, 442016001, 2019, 6.0, 1.0, 5.0, 2.0, 3.3),
('DL', 2014410005, 2, 442016002, 2019, 5.0, 0.0, 3.0, 7.0, 4.6),
('DL', 2014410006, 2, 442016002, 2019, 8.0, 9.0, 1.0, 9.0, 6.6),
('DL', 2014410007, 2, 442016002, 2019, 7.0, 8.0, 10.0, 2.0, 5.9),
('DL', 2014410008, 2, 442016002, 2019, 8.0, 8.0, 2.0, 2.0, 3.7),
('DL', 2014410009, 2, 442016001, 2019, 9.0, 8.0, 8.0, 0.0, 4.7),
('DL', 2014410010, 2, 442016001, 2019, 1.0, 10.0, 4.0, 3.0, 4.0),
('DL', 2014410011, 2, 442016001, 2019, 7.0, 1.0, 9.0, 1.0, 4.1),
('DL', 2014410012, 2, 442016001, 2019, 10.0, 6.0, 7.0, 1.0, 4.7),
('DL', 2014440001, 2, 442016001, 2019, 7.0, 8.0, 9.0, 9.0, 8.6),
('DL', 2014440002, 2, 442016001, 2019, 5.0, 8.0, 2.0, 7.0, 5.4),
('DL', 2014440003, 2, 442016001, 2019, 3.0, 6.0, 7.0, 6.0, 5.9),
('DL', 2014440004, 2, 442016001, 2019, 1.0, 8.0, 8.0, 7.0, 6.6),
('DL', 2015410001, 2, 542015001, 2019, 9.0, 1.0, 3.0, 6.0, 4.9),
('DL', 2015410002, 2, 542015001, 2019, 9.0, 7.0, 3.0, 6.0, 5.7),
('DL', 2015410003, 2, 442016001, 2019, 9.0, 1.0, 6.0, 4.0, 4.9),
('DL', 2015410004, 2, 442016001, 2019, 5.0, 10.0, 1.0, 0.0, 2.4),
('DL', 2015410005, 2, 442016002, 2019, 2.0, 8.0, 9.0, 2.0, 4.9),
('DL', 2015410006, 2, 442016002, 2019, 10.0, 10.0, 5.0, 8.0, 7.7),
('DL', 2015410007, 2, 442016002, 2019, 3.0, 4.0, 9.0, 7.0, 6.6),
('DL', 2015410008, 2, 442016002, 2019, 6.0, 8.0, 5.0, 7.0, 6.4),
('DL', 2015410009, 2, 442016001, 2019, 1.0, 10.0, 2.0, 3.0, 3.4),
('DL', 2015410010, 2, 442016001, 2019, 10.0, 6.0, 4.0, 4.0, 5.1),
('DL', 2015410011, 2, 442016001, 2019, 1.0, 3.0, 0.0, 10.0, 4.9),
('DL', 2015410012, 2, 442016001, 2019, 7.0, 1.0, 3.0, 10.0, 6.3),
('DL', 2015440001, 2, 442016001, 2019, 9.0, 5.0, 9.0, 1.0, 5.0),
('DL', 2015440002, 2, 442016001, 2019, 0.0, 2.0, 3.0, 0.0, 1.1),
('DL', 2015440003, 2, 442016001, 2019, 6.0, 9.0, 10.0, 9.0, 8.9),
('DL', 2015440004, 2, 442016001, 2019, 4.0, 9.0, 7.0, 8.0, 7.3),
('GD', 2013410001, 2, 442015001, 2019, 4.0, 3.0, 0.0, 6.0, 3.6),
('GD', 2013410002, 2, 442017002, 2019, 5.0, 1.0, 8.0, 2.0, 4.0),
('GD', 2013410003, 2, 442017002, 2019, 4.0, 2.0, 6.0, 0.0, 2.6),
('GD', 2013410004, 2, 442015001, 2019, 3.0, 5.0, 3.0, 7.0, 5.0),
('GD', 2013410005, 2, 442017002, 2019, 2.0, 4.0, 8.0, 1.0, 3.6),
('GD', 2013410006, 2, 442015001, 2019, 9.0, 4.0, 8.0, 1.0, 4.6),
('GD', 2013440001, 2, 442015001, 2019, 8.0, 7.0, 3.0, 0.0, 3.0),
('GD', 2013440002, 2, 442015001, 2019, 8.0, 2.0, 1.0, 10.0, 6.0),
('GD', 2014410001, 2, 442015001, 2019, 5.0, 6.0, 2.0, 8.0, 5.6),
('GD', 2014410002, 2, 442015001, 2019, 4.0, 4.0, 5.0, 3.0, 3.9),
('GD', 2014410003, 2, 442017002, 2019, 5.0, 4.0, 5.0, 9.0, 6.6),
('GD', 2014410004, 2, 442017002, 2019, 3.0, 5.0, 3.0, 1.0, 2.4),
('GD', 2014410005, 2, 442017002, 2019, 8.0, 8.0, 8.0, 8.0, 8.0),
('GD', 2014410006, 2, 442017002, 2019, 0.0, 3.0, 2.0, 9.0, 4.9),
('GD', 2014410007, 2, 442015001, 2019, 7.0, 0.0, 0.0, 9.0, 4.9),
('GD', 2014410008, 2, 442015001, 2019, 4.0, 3.0, 4.0, 5.0, 4.3),
('GD', 2014410009, 2, 442017002, 2019, 3.0, 8.0, 9.0, 1.0, 4.6),
('GD', 2014410010, 2, 442017002, 2019, 10.0, 6.0, 4.0, 10.0, 7.7),
('GD', 2014410011, 2, 442015001, 2019, 10.0, 5.0, 9.0, 8.0, 8.1),
('GD', 2014410012, 2, 442015001, 2019, 1.0, 9.0, 6.0, 1.0, 3.6),
('GD', 2014440001, 2, 442015001, 2019, 6.0, 9.0, 2.0, 9.0, 6.6),
('GD', 2014440002, 2, 442015001, 2019, 4.0, 6.0, 10.0, 7.0, 7.3),
('GD', 2014440003, 2, 442015001, 2019, 7.0, 2.0, 2.0, 7.0, 4.9),
('GD', 2014440004, 2, 442015001, 2019, 2.0, 5.0, 8.0, 7.0, 6.3),
('GD', 2015410001, 2, 442015001, 2019, 5.0, 0.0, 7.0, 1.0, 3.1),
('GD', 2015410002, 2, 442015001, 2019, 10.0, 4.0, 4.0, 6.0, 5.7),
('GD', 2015410003, 2, 442017002, 2019, 8.0, 8.0, 1.0, 10.0, 6.9),
('GD', 2015410004, 2, 442017002, 2019, 1.0, 9.0, 7.0, 7.0, 6.4),
('GD', 2015410005, 2, 442017002, 2019, 5.0, 0.0, 10.0, 8.0, 7.0),
('GD', 2015410006, 2, 442017002, 2019, 9.0, 6.0, 7.0, 6.0, 6.7),
('GD', 2015410007, 2, 442015001, 2019, 7.0, 2.0, 6.0, 2.0, 3.9),
('GD', 2015410008, 2, 442015001, 2019, 4.0, 2.0, 8.0, 1.0, 3.6),
('GD', 2015410009, 2, 442017002, 2019, 5.0, 9.0, 6.0, 0.0, 3.7),
('GD', 2015410010, 2, 442017002, 2019, 10.0, 1.0, 3.0, 10.0, 6.7),
('GD', 2015410011, 2, 442015001, 2019, 5.0, 5.0, 9.0, 8.0, 7.4),
('GD', 2015410012, 2, 442015001, 2019, 1.0, 1.0, 9.0, 4.0, 4.6),
('GD', 2015440001, 2, 442015001, 2019, 2.0, 0.0, 4.0, 7.0, 4.4),
('GD', 2015440002, 2, 442015001, 2019, 10.0, 10.0, 6.0, 7.0, 7.6),
('GD', 2015440003, 2, 442015001, 2019, 8.0, 4.0, 10.0, 4.0, 6.3),
('GD', 2015440004, 2, 442015001, 2019, 8.0, 0.0, 8.0, 0.0, 3.4),
('HH', 2013410001, 2, 412013003, 2019, 5.0, 4.0, 7.0, 6.0, 5.9),
('HH', 2013410002, 2, 412016002, 2019, 1.0, 1.0, 4.0, 10.0, 5.7),
('HH', 2013410003, 2, 412018001, 2019, 6.0, 7.0, 8.0, 8.0, 7.6),
('HH', 2013410004, 2, 412018001, 2019, 6.0, 1.0, 0.0, 6.0, 3.6),
('HH', 2013410005, 2, 412013003, 2019, 2.0, 0.0, 10.0, 3.0, 4.4),
('HH', 2013410006, 2, 412016002, 2019, 0.0, 7.0, 4.0, 6.0, 4.7),
('HH', 2013440001, 2, 412013003, 2019, 3.0, 10.0, 10.0, 1.0, 5.1),
('HH', 2013440002, 2, 412018001, 2019, 10.0, 2.0, 4.0, 3.0, 4.1),
('HH', 2014410001, 2, 412013003, 2019, 6.0, 0.0, 0.0, 0.0, 0.9),
('HH', 2014410002, 2, 412013003, 2019, 5.0, 6.0, 6.0, 7.0, 6.3),
('HH', 2014410003, 2, 412016002, 2019, 10.0, 6.0, 4.0, 0.0, 3.4),
('HH', 2014410004, 2, 412016002, 2019, 3.0, 8.0, 7.0, 0.0, 3.6),
('HH', 2014410005, 2, 412018001, 2019, 0.0, 7.0, 7.0, 5.0, 5.1),
('HH', 2014410006, 2, 412018001, 2019, 4.0, 3.0, 3.0, 2.0, 2.7),
('HH', 2014410007, 2, 412018001, 2019, 10.0, 1.0, 4.0, 6.0, 5.3),
('HH', 2014410008, 2, 412018001, 2019, 8.0, 8.0, 1.0, 8.0, 6.0),
('HH', 2014410009, 2, 412013003, 2019, 5.0, 2.0, 3.0, 9.0, 5.7),
('HH', 2014410010, 2, 412013003, 2019, 6.0, 10.0, 6.0, 7.0, 7.0),
('HH', 2014410011, 2, 412016002, 2019, 1.0, 1.0, 6.0, 6.0, 4.6),
('HH', 2014410012, 2, 412016002, 2019, 4.0, 2.0, 8.0, 4.0, 4.9),
('HH', 2014440001, 2, 412013003, 2019, 10.0, 9.0, 2.0, 7.0, 6.3),
('HH', 2014440002, 2, 412013003, 2019, 3.0, 0.0, 1.0, 4.0, 2.4),
('HH', 2014440003, 2, 412018001, 2019, 10.0, 4.0, 1.0, 6.0, 4.9),
('HH', 2014440004, 2, 412018001, 2019, 10.0, 3.0, 3.0, 8.0, 6.1),
('HH', 2015410001, 2, 412013003, 2019, 3.0, 5.0, 10.0, 0.0, 4.0),
('HH', 2015410002, 2, 412013003, 2019, 7.0, 9.0, 1.0, 0.0, 2.6),
('HH', 2015410003, 2, 412016002, 2019, 5.0, 4.0, 5.0, 6.0, 5.3),
('HH', 2015410004, 2, 412016002, 2019, 7.0, 5.0, 1.0, 7.0, 5.0),
('HH', 2015410005, 2, 412018001, 2019, 3.0, 6.0, 9.0, 9.0, 7.7),
('HH', 2015410006, 2, 412018001, 2019, 9.0, 9.0, 0.0, 10.0, 6.9),
('HH', 2015410007, 2, 412018001, 2019, 8.0, 7.0, 4.0, 5.0, 5.4),
('HH', 2015410008, 2, 412018001, 2019, 1.0, 5.0, 3.0, 7.0, 4.7),
('HH', 2015410009, 2, 412013003, 2019, 6.0, 10.0, 2.0, 5.0, 5.0),
('HH', 2015410010, 2, 412013003, 2019, 5.0, 2.0, 5.0, 4.0, 4.1),
('HH', 2015410011, 2, 412016002, 2019, 6.0, 9.0, 2.0, 9.0, 6.6),
('HH', 2015410012, 2, 412016002, 2019, 4.0, 0.0, 5.0, 10.0, 6.3),
('HH', 2015440001, 2, 412013003, 2019, 1.0, 4.0, 5.0, 4.0, 3.9),
('HH', 2015440002, 2, 412013003, 2019, 3.0, 2.0, 8.0, 5.0, 5.1),
('HH', 2015440003, 2, 412018001, 2019, 6.0, 3.0, 5.0, 0.0, 2.7),
('HH', 2015440004, 2, 412018001, 2019, 7.0, 5.0, 9.0, 10.0, 8.6),
('LS', 2013410001, 2, 442014002, 2019, 0.0, 0.0, 3.0, 1.0, 1.3),
('LS', 2013410002, 2, 442017001, 2019, 8.0, 5.0, 9.0, 6.0, 7.0),
('LS', 2013410003, 2, 442014002, 2019, 3.0, 9.0, 9.0, 3.0, 5.6),
('LS', 2013410004, 2, 442017001, 2019, 7.0, 4.0, 10.0, 4.0, 6.1),
('LS', 2013410005, 2, 442017001, 2019, 3.0, 7.0, 1.0, 7.0, 4.7),
('LS', 2013410006, 2, 442014002, 2019, 9.0, 6.0, 0.0, 7.0, 5.1),
('LS', 2013440001, 2, 442017001, 2019, 2.0, 5.0, 7.0, 4.0, 4.7),
('LS', 2013440002, 2, 442014002, 2019, 0.0, 8.0, 3.0, 1.0, 2.4),
('LS', 2014410001, 2, 442014002, 2019, 5.0, 0.0, 6.0, 9.0, 6.3),
('LS', 2014410002, 2, 442014002, 2019, 5.0, 0.0, 4.0, 6.0, 4.4),
('LS', 2014410003, 2, 442017001, 2019, 8.0, 10.0, 7.0, 9.0, 8.4),
('LS', 2014410004, 2, 442017001, 2019, 9.0, 0.0, 5.0, 0.0, 2.7),
('LS', 2014410005, 2, 442014002, 2019, 1.0, 1.0, 1.0, 1.0, 1.0),
('LS', 2014410006, 2, 442014002, 2019, 0.0, 4.0, 7.0, 3.0, 3.9),
('LS', 2014410007, 2, 442017001, 2019, 1.0, 0.0, 10.0, 4.0, 4.7),
('LS', 2014410008, 2, 442017001, 2019, 3.0, 4.0, 5.0, 4.0, 4.1),
('LS', 2014410009, 2, 442017001, 2019, 2.0, 2.0, 1.0, 4.0, 2.6),
('LS', 2014410010, 2, 442017001, 2019, 6.0, 9.0, 1.0, 2.0, 3.3),
('LS', 2014410011, 2, 442014002, 2019, 1.0, 3.0, 2.0, 7.0, 4.1),
('LS', 2014410012, 2, 442014002, 2019, 9.0, 4.0, 3.0, 2.0, 3.6),
('LS', 2014440001, 2, 442017001, 2019, 4.0, 1.0, 10.0, 6.0, 6.1),
('LS', 2014440002, 2, 442017001, 2019, 3.0, 9.0, 7.0, 10.0, 8.0),
('LS', 2014440003, 2, 442014002, 2019, 6.0, 7.0, 7.0, 9.0, 7.7),
('LS', 2014440004, 2, 442014002, 2019, 0.0, 0.0, 4.0, 10.0, 5.4),
('LS', 2015410001, 2, 442014002, 2019, 4.0, 8.0, 9.0, 4.0, 6.0),
('LS', 2015410002, 2, 442014002, 2019, 10.0, 1.0, 5.0, 6.0, 5.6),
('LS', 2015410003, 2, 442017001, 2019, 7.0, 4.0, 3.0, 9.0, 6.3),
('LS', 2015410004, 2, 442017001, 2019, 2.0, 2.0, 8.0, 2.0, 3.7),
('LS', 2015410005, 2, 442014002, 2019, 6.0, 10.0, 6.0, 1.0, 4.4),
('LS', 2015410006, 2, 442014002, 2019, 6.0, 3.0, 9.0, 10.0, 8.1),
('LS', 2015410007, 2, 442017001, 2019, 5.0, 10.0, 2.0, 9.0, 6.6),
('LS', 2015410008, 2, 442017001, 2019, 1.0, 5.0, 0.0, 6.0, 3.4),
('LS', 2015410009, 2, 442017001, 2019, 1.0, 5.0, 10.0, 5.0, 5.9),
('LS', 2015410010, 2, 442017001, 2019, 3.0, 5.0, 6.0, 3.0, 4.1),
('LS', 2015410011, 2, 442014002, 2019, 6.0, 9.0, 10.0, 2.0, 5.9),
('LS', 2015410012, 2, 442014002, 2019, 5.0, 5.0, 10.0, 5.0, 6.4),
('LS', 2015440001, 2, 442017001, 2019, 2.0, 1.0, 9.0, 7.0, 6.0),
('LS', 2015440002, 2, 442017001, 2019, 3.0, 3.0, 8.0, 1.0, 3.6),
('LS', 2015440003, 2, 442014002, 2019, 10.0, 0.0, 9.0, 9.0, 7.9),
('LS', 2015440004, 2, 442014002, 2019, 6.0, 0.0, 6.0, 9.0, 6.4),
('NV', 2013410001, 2, 442014001, 2019, 8.0, 0.0, 1.0, 10.0, 5.7),
('NV', 2013410002, 2, 442013001, 2019, 7.0, 6.0, 9.0, 10.0, 8.7),
('NV', 2013410003, 2, 442013001, 2019, 9.0, 1.0, 6.0, 0.0, 3.1),
('NV', 2013410004, 2, 442014001, 2019, 2.0, 8.0, 2.0, 5.0, 4.1),
('NV', 2013410005, 2, 442013001, 2019, 6.0, 4.0, 10.0, 6.0, 6.9),
('NV', 2013410006, 2, 442014001, 2019, 4.0, 3.0, 5.0, 2.0, 3.3),
('NV', 2013440001, 2, 442014001, 2019, 4.0, 6.0, 3.0, 8.0, 5.7),
('NV', 2013440002, 2, 442014001, 2019, 6.0, 5.0, 8.0, 9.0, 7.7),
('NV', 2014410001, 2, 442014001, 2019, 6.0, 2.0, 5.0, 4.0, 4.3),
('NV', 2014410002, 2, 442014001, 2019, 3.0, 5.0, 9.0, 1.0, 4.1),
('NV', 2014410003, 2, 442013001, 2019, 2.0, 7.0, 7.0, 5.0, 5.4),
('NV', 2014410004, 2, 442013001, 2019, 3.0, 9.0, 6.0, 8.0, 6.9),
('NV', 2014410005, 2, 442013001, 2019, 10.0, 10.0, 4.0, 3.0, 5.3),
('NV', 2014410006, 2, 442013001, 2019, 6.0, 1.0, 9.0, 6.0, 6.1),
('NV', 2014410007, 2, 442014001, 2019, 8.0, 5.0, 1.0, 2.0, 3.0),
('NV', 2014410008, 2, 442014001, 2019, 5.0, 2.0, 3.0, 5.0, 4.0),
('NV', 2014410009, 2, 442013001, 2019, 4.0, 9.0, 2.0, 4.0, 4.1),
('NV', 2014410010, 2, 442013001, 2019, 8.0, 8.0, 0.0, 1.0, 2.7),
('NV', 2014410011, 2, 442014001, 2019, 8.0, 1.0, 1.0, 4.0, 3.3),
('NV', 2014410012, 2, 442014001, 2019, 2.0, 9.0, 8.0, 5.0, 6.0),
('NV', 2014440001, 2, 442014001, 2019, 10.0, 8.0, 9.0, 1.0, 5.6),
('NV', 2014440002, 2, 442014001, 2019, 4.0, 7.0, 1.0, 0.0, 1.9),
('NV', 2014440003, 2, 442014001, 2019, 6.0, 2.0, 5.0, 0.0, 2.6),
('NV', 2014440004, 2, 442014001, 2019, 8.0, 7.0, 5.0, 9.0, 7.4),
('NV', 2015410001, 2, 442014001, 2019, 10.0, 1.0, 1.0, 9.0, 5.7),
('NV', 2015410002, 2, 442014001, 2019, 5.0, 0.0, 8.0, 8.0, 6.4),
('NV', 2015410003, 2, 442013001, 2019, 8.0, 8.0, 9.0, 6.0, 7.4),
('NV', 2015410004, 2, 442013001, 2019, 0.0, 4.0, 7.0, 4.0, 4.3),
('NV', 2015410005, 2, 442013001, 2019, 9.0, 3.0, 7.0, 4.0, 5.4),
('NV', 2015410006, 2, 442013001, 2019, 7.0, 4.0, 9.0, 6.0, 6.7),
('NV', 2015410007, 2, 442014001, 2019, 5.0, 1.0, 0.0, 5.0, 3.0),
('NV', 2015410008, 2, 442014001, 2019, 10.0, 8.0, 3.0, 8.0, 6.9),
('NV', 2015410009, 2, 442013001, 2019, 9.0, 4.0, 6.0, 6.0, 6.1),
('NV', 2015410010, 2, 442013001, 2019, 3.0, 5.0, 0.0, 6.0, 3.7),
('NV', 2015410011, 2, 442014001, 2019, 7.0, 9.0, 1.0, 2.0, 3.4),
('NV', 2015410012, 2, 442014001, 2019, 1.0, 3.0, 5.0, 10.0, 6.3),
('NV', 2015440001, 2, 442014001, 2019, 1.0, 10.0, 4.0, 3.0, 4.0),
('NV', 2015440002, 2, 442014001, 2019, 4.0, 9.0, 10.0, 7.0, 7.7),
('NV', 2015440003, 2, 442014001, 2019, 5.0, 2.0, 2.0, 10.0, 5.9),
('NV', 2015440004, 2, 442014001, 2019, 1.0, 3.0, 9.0, 2.0, 4.0),
('SH', 2013410001, 2, 412016001, 2019, 1.0, 5.0, 1.0, 3.0, 2.4),
('SH', 2013410002, 2, 412013002, 2019, 4.0, 9.0, 9.0, 4.0, 6.1),
('SH', 2013410003, 2, 412016001, 2019, 6.0, 3.0, 5.0, 3.0, 4.0),
('SH', 2013410004, 2, 412016001, 2019, 10.0, 6.0, 5.0, 6.0, 6.3),
('SH', 2013410005, 2, 412016004, 2019, 5.0, 2.0, 0.0, 1.0, 1.4),
('SH', 2013410006, 2, 412013002, 2019, 3.0, 10.0, 9.0, 7.0, 7.4),
('SH', 2013440001, 2, 412016001, 2019, 6.0, 7.0, 10.0, 9.0, 8.6),
('SH', 2013440002, 2, 412013002, 2019, 3.0, 7.0, 8.0, 6.0, 6.3),
('SH', 2014410001, 2, 412016001, 2019, 3.0, 1.0, 7.0, 10.0, 6.9),
('SH', 2014410002, 2, 412016001, 2019, 2.0, 4.0, 4.0, 5.0, 4.1),
('SH', 2014410003, 2, 412013002, 2019, 1.0, 4.0, 7.0, 2.0, 3.6),
('SH', 2014410004, 2, 412013002, 2019, 1.0, 10.0, 2.0, 3.0, 3.4),
('SH', 2014410005, 2, 412016001, 2019, 4.0, 4.0, 3.0, 7.0, 5.0),
('SH', 2014410006, 2, 412016001, 2019, 1.0, 7.0, 2.0, 10.0, 6.0),
('SH', 2014410007, 2, 412016001, 2019, 6.0, 7.0, 9.0, 7.0, 7.4),
('SH', 2014410008, 2, 412016001, 2019, 3.0, 2.0, 8.0, 9.0, 6.9),
('SH', 2014410009, 2, 412016004, 2019, 0.0, 8.0, 8.0, 0.0, 3.4),
('SH', 2014410010, 2, 412016004, 2019, 3.0, 9.0, 6.0, 6.0, 6.0),
('SH', 2014410011, 2, 412013002, 2019, 3.0, 10.0, 4.0, 8.0, 6.4),
('SH', 2014410012, 2, 412013002, 2019, 1.0, 6.0, 2.0, 8.0, 5.0),
('SH', 2014440001, 2, 412016001, 2019, 1.0, 10.0, 1.0, 0.0, 1.9),
('SH', 2014440002, 2, 412016001, 2019, 6.0, 3.0, 8.0, 4.0, 5.3),
('SH', 2014440003, 2, 412013002, 2019, 2.0, 0.0, 8.0, 0.0, 2.6),
('SH', 2014440004, 2, 412013002, 2019, 4.0, 9.0, 4.0, 7.0, 6.0),
('SH', 2015410001, 2, 412016001, 2019, 0.0, 10.0, 2.0, 8.0, 5.4),
('SH', 2015410002, 2, 412016001, 2019, 9.0, 3.0, 4.0, 1.0, 3.3),
('SH', 2015410003, 2, 412013002, 2019, 1.0, 7.0, 2.0, 1.0, 2.1),
('SH', 2015410004, 2, 412013002, 2019, 10.0, 10.0, 4.0, 8.0, 7.4),
('SH', 2015410005, 2, 412016001, 2019, 2.0, 3.0, 8.0, 1.0, 3.4),
('SH', 2015410006, 2, 412016001, 2019, 10.0, 1.0, 8.0, 10.0, 8.1),
('SH', 2015410007, 2, 412016001, 2019, 3.0, 8.0, 0.0, 2.0, 2.4),
('SH', 2015410008, 2, 412016001, 2019, 4.0, 6.0, 9.0, 3.0, 5.3),
('SH', 2015410009, 2, 412016004, 2019, 9.0, 10.0, 0.0, 7.0, 5.7),
('SH', 2015410010, 2, 412016004, 2019, 8.0, 8.0, 4.0, 0.0, 3.4),
('SH', 2015410011, 2, 412013002, 2019, 7.0, 7.0, 10.0, 1.0, 5.3),
('SH', 2015410012, 2, 412013002, 2019, 3.0, 2.0, 7.0, 0.0, 2.7),
('SH', 2015440001, 2, 412016001, 2019, 0.0, 8.0, 1.0, 2.0, 2.3),
('SH', 2015440002, 2, 412016001, 2019, 5.0, 1.0, 6.0, 10.0, 6.9),
('SH', 2015440003, 2, 412013002, 2019, 1.0, 6.0, 6.0, 9.0, 6.6),
('SH', 2015440004, 2, 412013002, 2019, 8.0, 2.0, 4.0, 10.0, 6.9),
('TH', 2013410001, 2, 542016001, 2019, 8.0, 4.0, 1.0, 2.0, 2.9),
('TH', 2013410002, 2, 542015002, 2019, 6.0, 5.0, 0.0, 8.0, 5.0),
('TH', 2013410003, 2, 542015002, 2019, 9.0, 7.0, 7.0, 3.0, 5.6),
('TH', 2013410004, 2, 542016001, 2019, 5.0, 8.0, 10.0, 2.0, 5.6),
('TH', 2013410005, 2, 542016001, 2019, 10.0, 6.0, 1.0, 0.0, 2.6),
('TH', 2013410006, 2, 542016001, 2019, 4.0, 9.0, 4.0, 2.0, 3.9),
('TH', 2013440001, 2, 542015002, 2019, 8.0, 6.0, 0.0, 7.0, 5.0),
('TH', 2013440002, 2, 542015002, 2019, 8.0, 10.0, 10.0, 8.0, 8.9),
('TH', 2014410001, 2, 542016001, 2019, 2.0, 2.0, 8.0, 0.0, 2.9),
('TH', 2014410002, 2, 542016001, 2019, 7.0, 4.0, 5.0, 3.0, 4.3),
('TH', 2014410003, 2, 542015002, 2019, 6.0, 10.0, 2.0, 0.0, 2.9),
('TH', 2014410004, 2, 542015002, 2019, 0.0, 3.0, 8.0, 7.0, 5.7),
('TH', 2014410005, 2, 542015002, 2019, 2.0, 5.0, 3.0, 1.0, 2.3),
('TH', 2014410006, 2, 542015002, 2019, 7.0, 2.0, 0.0, 1.0, 1.7),
('TH', 2014410007, 2, 542016001, 2019, 4.0, 7.0, 7.0, 6.0, 6.1),
('TH', 2014410008, 2, 542016001, 2019, 7.0, 3.0, 1.0, 9.0, 5.6),
('TH', 2014410009, 2, 542016001, 2019, 7.0, 3.0, 5.0, 1.0, 3.3),
('TH', 2014410010, 2, 542016001, 2019, 10.0, 6.0, 9.0, 9.0, 8.7),
('TH', 2014410011, 2, 542016001, 2019, 4.0, 9.0, 10.0, 3.0, 6.0),
('TH', 2014410012, 2, 542016001, 2019, 5.0, 7.0, 2.0, 5.0, 4.4),
('TH', 2014440001, 2, 542015002, 2019, 7.0, 10.0, 4.0, 9.0, 7.4),
('TH', 2014440002, 2, 542015002, 2019, 1.0, 0.0, 8.0, 7.0, 5.4),
('TH', 2014440003, 2, 542015002, 2019, 8.0, 2.0, 6.0, 2.0, 4.0),
('TH', 2014440004, 2, 542015002, 2019, 8.0, 0.0, 9.0, 10.0, 8.0),
('TH', 2015410001, 2, 542016001, 2019, 7.0, 7.0, 6.0, 8.0, 7.1),
('TH', 2015410002, 2, 542016001, 2019, 9.0, 7.0, 3.0, 10.0, 7.4),
('TH', 2015410003, 2, 542015002, 2019, 9.0, 0.0, 9.0, 0.0, 3.9),
('TH', 2015410004, 2, 542015002, 2019, 5.0, 8.0, 0.0, 8.0, 5.3),
('TH', 2015410005, 2, 542015002, 2019, 9.0, 1.0, 4.0, 7.0, 5.6),
('TH', 2015410006, 2, 542015002, 2019, 6.0, 2.0, 8.0, 8.0, 6.9),
('TH', 2015410007, 2, 542016001, 2019, 10.0, 9.0, 10.0, 5.0, 7.7),
('TH', 2015410008, 2, 542016001, 2019, 8.0, 9.0, 4.0, 6.0, 6.1),
('TH', 2015410009, 2, 542016001, 2019, 3.0, 9.0, 10.0, 10.0, 8.9),
('TH', 2015410010, 2, 542016001, 2019, 1.0, 0.0, 5.0, 1.0, 2.0),
('TH', 2015410011, 2, 542016001, 2019, 4.0, 8.0, 4.0, 10.0, 7.1),
('TH', 2015410012, 2, 542016001, 2019, 2.0, 9.0, 8.0, 4.0, 5.6),
('TH', 2015440001, 2, 542015002, 2019, 0.0, 8.0, 0.0, 7.0, 4.1),
('TH', 2015440002, 2, 542015002, 2019, 10.0, 8.0, 10.0, 2.0, 6.3),
('TH', 2015440003, 2, 542015002, 2019, 1.0, 8.0, 0.0, 1.0, 1.7),
('TH', 2015440004, 2, 542015002, 2019, 9.0, 5.0, 0.0, 1.0, 2.4),
('TO', 2013410001, 2, 412014003, 2019, 7.0, 7.0, 7.0, 0.0, 4.0),
('TO', 2013410002, 2, 412017001, 2019, 7.0, 0.0, 0.0, 5.0, 3.1),
('TO', 2013410003, 2, 412014002, 2019, 8.0, 10.0, 10.0, 8.0, 8.9),
('TO', 2013410004, 2, 412014003, 2019, 4.0, 1.0, 6.0, 0.0, 2.4),
('TO', 2013410005, 2, 412014002, 2019, 6.0, 6.0, 6.0, 8.0, 6.9),
('TO', 2013410006, 2, 412017001, 2019, 8.0, 3.0, 1.0, 9.0, 5.7),
('TO', 2013440001, 2, 412014003, 2019, 1.0, 7.0, 2.0, 4.0, 3.4),
('TO', 2013440002, 2, 412017001, 2019, 2.0, 5.0, 1.0, 10.0, 5.6),
('TO', 2014410001, 2, 412014003, 2019, 7.0, 5.0, 3.0, 3.0, 3.9),
('TO', 2014410002, 2, 412014003, 2019, 5.0, 8.0, 8.0, 10.0, 8.4),
('TO', 2014410003, 2, 412017001, 2019, 10.0, 9.0, 8.0, 9.0, 8.9),
('TO', 2014410004, 2, 412017001, 2019, 2.0, 6.0, 4.0, 1.0, 2.7),
('TO', 2014410005, 2, 412014002, 2019, 2.0, 10.0, 7.0, 9.0, 7.6),
('TO', 2014410006, 2, 412014002, 2019, 1.0, 8.0, 8.0, 10.0, 7.9),
('TO', 2014410007, 2, 412014003, 2019, 6.0, 5.0, 2.0, 10.0, 6.4),
('TO', 2014410008, 2, 412014003, 2019, 7.0, 10.0, 9.0, 8.0, 8.4),
('TO', 2014410009, 2, 412014002, 2019, 7.0, 1.0, 0.0, 0.0, 1.1),
('TO', 2014410010, 2, 412014002, 2019, 0.0, 10.0, 8.0, 1.0, 4.1),
('TO', 2014410011, 2, 412017001, 2019, 5.0, 4.0, 6.0, 7.0, 6.0),
('TO', 2014410012, 2, 412017001, 2019, 3.0, 10.0, 8.0, 4.0, 5.9),
('TO', 2014440001, 2, 412014003, 2019, 5.0, 5.0, 8.0, 2.0, 4.6),
('TO', 2014440002, 2, 412014003, 2019, 6.0, 1.0, 10.0, 4.0, 5.6),
('TO', 2014440003, 2, 412017001, 2019, 1.0, 0.0, 6.0, 4.0, 3.6),
('TO', 2014440004, 2, 412017001, 2019, 8.0, 9.0, 2.0, 1.0, 3.4),
('TO', 2015410001, 2, 412014003, 2019, 8.0, 4.0, 10.0, 9.0, 8.4),
('TO', 2015410002, 2, 412014003, 2019, 8.0, 7.0, 6.0, 3.0, 5.1),
('TO', 2015410003, 2, 412017001, 2019, 3.0, 8.0, 9.0, 8.0, 7.6),
('TO', 2015410004, 2, 412017001, 2019, 5.0, 4.0, 8.0, 9.0, 7.4),
('TO', 2015410005, 2, 412014002, 2019, 4.0, 5.0, 5.0, 6.0, 5.3),
('TO', 2015410006, 2, 412014002, 2019, 6.0, 10.0, 2.0, 6.0, 5.4),
('TO', 2015410007, 2, 412014003, 2019, 5.0, 7.0, 7.0, 3.0, 5.0),
('TO', 2015410008, 2, 412014003, 2019, 4.0, 9.0, 7.0, 6.0, 6.4),
('TO', 2015410009, 2, 412014002, 2019, 1.0, 0.0, 0.0, 2.0, 1.0),
('TO', 2015410010, 2, 412014002, 2019, 8.0, 0.0, 7.0, 1.0, 3.6),
('TO', 2015410011, 2, 412017001, 2019, 10.0, 10.0, 8.0, 2.0, 6.0),
('TO', 2015410012, 2, 412017001, 2019, 9.0, 6.0, 6.0, 4.0, 5.6),
('TO', 2015440001, 2, 412014003, 2019, 6.0, 0.0, 5.0, 1.0, 2.7),
('TO', 2015440002, 2, 412014003, 2019, 7.0, 5.0, 1.0, 7.0, 5.0),
('TO', 2015440003, 2, 412017001, 2019, 4.0, 6.0, 7.0, 10.0, 7.7),
('TO', 2015440004, 2, 412017001, 2019, 7.0, 0.0, 6.0, 8.0, 6.1),
('VL', 2013410001, 2, 412016003, 2019, 8.0, 8.0, 8.0, 10.0, 8.9),
('VL', 2013410002, 2, 412014001, 2019, 5.0, 4.0, 0.0, 1.0, 1.7),
('VL', 2013410003, 2, 412016003, 2019, 8.0, 1.0, 2.0, 4.0, 3.6),
('VL', 2013410004, 2, 412013001, 2019, 10.0, 7.0, 10.0, 0.0, 5.3),
('VL', 2013410005, 2, 412013001, 2019, 2.0, 7.0, 4.0, 6.0, 5.0),
('VL', 2013410006, 2, 412014001, 2019, 7.0, 9.0, 4.0, 4.0, 5.1),
('VL', 2013440001, 2, 412014001, 2019, 0.0, 0.0, 0.0, 0.0, 0.0),
('VL', 2013440002, 2, 412014001, 2019, 9.0, 6.0, 6.0, 2.0, 4.7),
('VL', 2014410001, 2, 412016003, 2019, 0.0, 0.0, 8.0, 9.0, 6.1),
('VL', 2014410002, 2, 412016003, 2019, 5.0, 5.0, 8.0, 8.0, 7.1),
('VL', 2014410003, 2, 412014001, 2019, 0.0, 0.0, 3.0, 9.0, 4.7),
('VL', 2014410004, 2, 412014001, 2019, 1.0, 0.0, 1.0, 8.0, 3.9),
('VL', 2014410005, 2, 412016003, 2019, 10.0, 2.0, 9.0, 7.0, 7.3),
('VL', 2014410006, 2, 412016003, 2019, 3.0, 5.0, 3.0, 10.0, 6.3),
('VL', 2014410007, 2, 412013001, 2019, 3.0, 9.0, 0.0, 0.0, 1.7),
('VL', 2014410008, 2, 412013001, 2019, 3.0, 2.0, 10.0, 3.0, 4.9),
('VL', 2014410009, 2, 412013001, 2019, 0.0, 1.0, 4.0, 6.0, 3.9),
('VL', 2014410010, 2, 412013001, 2019, 4.0, 7.0, 4.0, 2.0, 3.6),
('VL', 2014410011, 2, 412014001, 2019, 4.0, 9.0, 7.0, 4.0, 5.6),
('VL', 2014410012, 2, 412014001, 2019, 3.0, 10.0, 4.0, 4.0, 4.7),
('VL', 2014440001, 2, 412014001, 2019, 0.0, 0.0, 0.0, 0.0, 0.0),
('VL', 2014440002, 2, 412014001, 2019, 0.0, 0.0, 0.0, 0.0, 0.0),
('VL', 2014440003, 2, 412014001, 2019, 4.0, 5.0, 0.0, 8.0, 4.7),
('VL', 2014440004, 2, 412014001, 2019, 0.0, 4.0, 8.0, 8.0, 6.3),
('VL', 2015410001, 2, 412016003, 2019, 7.0, 7.0, 10.0, 4.0, 6.6),
('VL', 2015410002, 2, 412016003, 2019, 2.0, 4.0, 4.0, 9.0, 5.9);
INSERT INTO `bangdiem` (`mamh`, `mahs`, `mahk`, `magv`, `namhoc`, `diemmieng`, `diem15p`, `diem1tiet`, `diemhk`, `diemtb`) VALUES
('VL', 2015410003, 2, 412014001, 2019, 7.0, 7.0, 3.0, 9.0, 6.7),
('VL', 2015410004, 2, 412014001, 2019, 8.0, 1.0, 3.0, 2.0, 3.0),
('VL', 2015410005, 2, 412016003, 2019, 6.0, 7.0, 3.0, 1.0, 3.1),
('VL', 2015410006, 2, 412016003, 2019, 10.0, 0.0, 10.0, 5.0, 6.4),
('VL', 2015410007, 2, 412013001, 2019, 7.0, 6.0, 4.0, 3.0, 4.3),
('VL', 2015410008, 2, 412013001, 2019, 3.0, 6.0, 9.0, 5.0, 6.0),
('VL', 2015410009, 2, 412013001, 2019, 0.0, 5.0, 7.0, 0.0, 2.7),
('VL', 2015410010, 2, 412013001, 2019, 10.0, 2.0, 4.0, 5.0, 5.0),
('VL', 2015410011, 2, 412014001, 2019, 0.0, 6.0, 1.0, 7.0, 4.1),
('VL', 2015410012, 2, 412014001, 2019, 1.0, 7.0, 2.0, 4.0, 3.4),
('VL', 2015440001, 2, 412014001, 2019, 0.0, 0.0, 0.0, 0.0, 0.0),
('VL', 2015440002, 2, 412014001, 2019, 0.0, 0.0, 0.0, 0.0, 0.0),
('VL', 2015440003, 2, 412014001, 2019, 7.0, 10.0, 7.0, 8.0, 7.9),
('VL', 2015440004, 2, 412014001, 2019, 5.0, 5.0, 7.0, 8.0, 6.9);




INSERT INTO `tongket` (`mahs`, `mahk`, `diemtk`, `xeploai`, `namhoc`) VALUES
(2013410001, 1, 5.2, 'Trung Bình', 2019),
(2013410002, 1, 4.3, 'Trung Bình', 2019),
(2013410003, 1, 4.5, 'Trung Bình', 2019),
(2013410004, 1, 5.1, 'Trung Bình', 2019),
(2013410005, 1, 5.2, 'Trung Bình', 2019),
(2013410006, 1, 4.2, 'Trung Bình', 2019),
(2013440001, 1, 5.1, 'Trung Bình', 2019),
(2013440002, 1, 4.5, 'Trung Bình', 2019),
(2014410001, 1, 5.5, 'Trung Bình', 2019),
(2014410002, 1, 5.7, 'Trung Bình', 2019),
(2014410003, 1, 5.4, 'Trung Bình', 2019),
(2014410004, 1, 5.2, 'Trung Bình', 2019),
(2014410005, 1, 5.0, 'Trung Bình', 2019),
(2014410006, 1, 5.4, 'Trung Bình', 2019),
(2014410007, 1, 5.5, 'Trung Bình', 2019),
(2014410008, 1, 5.2, 'Trung Bình', 2019),
(2014410009, 1, 5.2, 'Trung Bình', 2019),
(2014410010, 1, 4.6, 'Trung Bình', 2019),
(2014410011, 1, 4.3, 'Trung Bình', 2019),
(2014410012, 1, 4.3, 'Trung Bình', 2019),
(2014440001, 1, 5.7, 'Trung Bình', 2019),
(2014440002, 1, 5.2, 'Trung Bình', 2019),
(2014440003, 1, 5.6, 'Trung Bình', 2019),
(2014440004, 1, 4.3, 'Trung Bình', 2019),
(2015410001, 1, 4.6, 'Trung Bình', 2019),
(2015410002, 1, 5.7, 'Trung Bình', 2019),
(2015410003, 1, 5.2, 'Trung Bình', 2019),
(2015410004, 1, 5.3, 'Trung Bình', 2019),
(2015410005, 1, 5.2, 'Trung Bình', 2019),
(2015410006, 1, 5.5, 'Trung Bình', 2019),
(2015410007, 1, 5.0, 'Trung Bình', 2019),
(2015410008, 1, 4.4, 'Trung Bình', 2019),
(2015410009, 1, 4.0, 'Trung Bình', 2019),
(2015410010, 1, 5.0, 'Trung Bình', 2019),
(2015410011, 1, 5.0, 'Trung Bình', 2019),
(2015410012, 1, 5.5, 'Trung Bình', 2019),
(2015440001, 1, 5.4, 'Trung Bình', 2019),
(2015440002, 1, 5.4, 'Trung Bình', 2019),
(2015440003, 1, 5.0, 'Trung Bình', 2019),
(2015440004, 1, 4.9, 'Trung Bình', 2019),
(2013410001, 2, 4.5, 'Trung Bình', 2019),
(2013410002, 2, 4.7, 'Trung Bình', 2019),
(2013410003, 2, 5.3, 'Trung Bình', 2019),
(2013410004, 2, 4.7, 'Trung Bình', 2019),
(2013410005, 2, 4.3, 'Trung Bình', 2019),
(2013410006, 2, 4.8, 'Trung Bình', 2019),
(2013440001, 2, 0.0, 'Chưa xếp loại', 2019),
(2013440002, 2, 5.7, 'Trung Bình', 2019),
(2014410001, 2, 4.8, 'Trung Bình', 2019),
(2014410002, 2, 4.8, 'Trung Bình', 2019),
(2014410003, 2, 5.4, 'Trung Bình', 2019),
(2014410004, 2, 3.9, 'Trung Bình', 2019),
(2014410005, 2, 4.9, 'Trung Bình', 2019),
(2014410006, 2, 5.3, 'Trung Bình', 2019),
(2014410007, 2, 5.2, 'Trung Bình', 2019),
(2014410008, 2, 5.5, 'Trung Bình', 2019),
(2014410009, 2, 4.1, 'Trung Bình', 2019),
(2014410010, 2, 5.1, 'Trung Bình', 2019),
(2014410011, 2, 5.3, 'Trung Bình', 2019),
(2014410012, 2, 4.7, 'Trung Bình', 2019),
(2014440001, 2, 0.0, 'Chưa xếp loại', 2019),
(2014440002, 2, 0.0, 'Chưa xếp loại', 2019),
(2014440003, 2, 4.8, 'Trung Bình', 2019),
(2014440004, 2, 6.2, 'Trung Bình', 2019),
(2015410001, 2, 5.8, 'Trung Bình', 2019),
(2015410002, 2, 5.1, 'Trung Bình', 2019),
(2015410003, 2, 5.8, 'Trung Bình', 2019),
(2015410004, 2, 4.8, 'Trung Bình', 2019),
(2015410005, 2, 5.0, 'Trung Bình', 2019),
(2015410006, 2, 6.8, 'Khá', 2019),
(2015410007, 2, 4.9, 'Trung Bình', 2019),
(2015410008, 2, 5.2, 'Trung Bình', 2019),
(2015410009, 2, 4.9, 'Trung Bình', 2019),
(2015410010, 2, 4.1, 'Trung Bình', 2019),
(2015410011, 2, 5.5, 'Trung Bình', 2019),
(2015410012, 2, 5.0, 'Trung Bình', 2019),
(2015440001, 2, 0.0, 'Chưa xếp loại', 2019),
(2015440002, 2, 0.0, 'Chưa xếp loại', 2019),
(2015440003, 2, 5.8, 'Trung Bình', 2019),
(2015440004, 2, 5.5, 'Trung Bình', 2019);